SlNo,State_Code,State,District_Key,District,Confirmed,Active,Recovered,Deceased,Age above 50,Doctors,Front line workers,people suffering from diseases,Migrated_Other,Delta_Confirmed,Delta_Active,Delta_Recovered,Delta_Deceased,District_Notes,Last_Updated
0,AN,Andaman and Nicobar Islands,AN_Nicobars,Nicobars,0,0,0,0,35000,150,5645,3455,0,0,0,0,0,District-wise numbers are out-dated as cumulative counts for each district are not reported in bulletin,
0,AN,Andaman and Nicobar Islands,AN_North and Middle Andaman,North and Middle Andaman,1,0,1,0,76788,200,5646,5453,0,0,0,0,0,District-wise numbers are out-dated as cumulative counts for each district are not reported in bulletin,
1,AN,Andaman and Nicobar Islands,AN_South Andaman,South Andaman,51,19,32,0,96767,345,5666,4535,0,0,0,0,0,District-wise numbers are out-dated as cumulative counts for each district are not reported in bulletin,
2,AP,Andhra Pradesh,AP_Anantapur,Anantapur,67339,143,66599,597,438114,932,8498,6754,0,0,0,0,0,,
3,AP,Andhra Pradesh,AP_Chittoor,Chittoor,86145,332,84972,841,414706,922,4353,7868,0,0,0,0,0,,
4,AP,Andhra Pradesh,AP_East Godavari,East Godavari,123695,352,122707,636,515429,839,4535,8768,0,0,0,0,0,,
5,AP,Andhra Pradesh,AP_Guntur,Guntur,74757,515,73577,665,488781,1020,6755,8789,0,0,0,0,0,,
6,AP,Andhra Pradesh,AP_Krishna,Krishna,47786,544,46576,666,451739,912,6565,9879,0,0,0,0,0,,
7,AP,Andhra Pradesh,AP_Kurnool,Kurnool,60561,58,60016,487,405346,856,6756,8979,0,0,0,0,0,,
8,AP,Andhra Pradesh,AP_Prakasam,Prakasam,62029,101,61349,579,339744,953,7869,8678,0,0,0,0,0,,
9,AP,Andhra Pradesh,AP_S.P.S. Nellore,S.P.S. Nellore,62094,489,61100,505,296355,980,8797,9676,0,0,0,0,0,,
10,AP,Andhra Pradesh,AP_Srikakulam,Srikakulam,45951,98,45507,346,270311,1103,6786,7678,0,0,0,0,0,,
11,AP,Andhra Pradesh,AP_Visakhapatnam,Visakhapatnam,59168,244,58373,551,429058,923,9877,7678,0,0,0,0,0,,
12,AP,Andhra Pradesh,AP_Vizianagaram,Vizianagaram,41022,44,40740,238,234447,798,6876,8776,0,0,0,0,0,,
13,AP,Andhra Pradesh,AP_West Godavari,West Godavari,93852,161,93155,536,396396,872,6878,8689,0,0,0,0,0,,
14,AP,Andhra Pradesh,AP_Y.S.R. Kadapa,Y.S.R. Kadapa,54992,181,54350,461,288246,1092,6456,7868,0,0,0,0,0,,
15,AR,Arunachal Pradesh,AR_Anjaw,Anjaw,204,0,204,0,843545,610,4564,8786,0,0,0,0,0,,
16,AR,Arunachal Pradesh,AR_Changlang,Changlang,1273,1,1268,4,845345,719,5456,7567,0,0,0,0,0,,
17,AR,Arunachal Pradesh,AR_East Kameng,East Kameng,304,0,304,0,946464,602,7865,5678,0,0,0,0,0,,
18,AR,Arunachal Pradesh,AR_East Siang,East Siang,1127,11,1112,4,464633,672,4564,8676,0,0,0,0,0,,
19,AR,Arunachal Pradesh,AR_Kamle,Kamle,29,0,29,0,846946,653,5464,6788,0,0,0,0,0,,
20,AR,Arunachal Pradesh,AR_Kra Daadi,Kra Daadi,37,0,37,0,904604,729,5646,6779,0,0,0,0,0,,
21,AR,Arunachal Pradesh,AR_Kurung Kumey,Kurung Kumey,117,0,117,0,904654,690,6756,7868,0,0,0,0,0,,
22,AR,Arunachal Pradesh,AR_Lepa Rada,Lepa Rada,277,0,277,0,755477,734,4566,6789,0,0,0,0,0,,
23,AR,Arunachal Pradesh,AR_Lohit,Lohit,570,3,567,0,876575,792,9879,6856,0,0,0,0,0,,
24,AR,Arunachal Pradesh,AR_Longding,Longding,249,1,248,0,767575,739,10956,6878,0,0,0,0,0,,
25,AR,Arunachal Pradesh,AR_Lower Dibang Valley,Lower Dibang Valley,474,3,471,0,876645,634,6768,6789,0,0,0,0,0,,
26,AR,Arunachal Pradesh,AR_Lower Siang,Lower Siang,286,1,285,0,775555,730,9897,6878,0,0,0,0,0,,
27,AR,Arunachal Pradesh,AR_Lower Subansiri,Lower Subansiri,381,0,380,1,877567,720,9778,5675,0,0,0,0,0,,
28,AR,Arunachal Pradesh,AR_Namsai,Namsai,430,5,421,4,967868,711,7868,5478,0,0,0,0,0,,
29,AR,Arunachal Pradesh,AR_Pakke Kessang,Pakke Kessang,129,0,129,0,758675,633,9787,6575,0,0,0,0,0,,
30,AR,Arunachal Pradesh,AR_Papum Pare,Papum Pare,6755,37,6689,29,766868,723,9657,5689,0,0,0,0,0,,
31,AR,Arunachal Pradesh,AR_Shi Yomi,Shi Yomi,104,0,104,0,775757,692,19089,7568,0,0,0,0,0,,
32,AR,Arunachal Pradesh,AR_Siang,Siang,133,1,131,1,866866,821,3465,6589,0,0,0,0,0,,
33,AR,Arunachal Pradesh,AR_Tawang,Tawang,480,24,454,2,843545,735,9878,7655,0,0,0,0,0,,
34,AR,Arunachal Pradesh,AR_Tirap,Tirap,586,1,583,2,877766,764,9876,5678,0,0,0,0,0,,
35,AR,Arunachal Pradesh,AR_Upper Dibang Valley,Upper Dibang Valley,23,0,23,0,786786,693,5667,6758,0,0,0,0,0,,
36,AR,Arunachal Pradesh,AR_Upper Siang,Upper Siang,360,0,360,0,887686,739,8977,6567,0,0,0,0,0,,
37,AR,Arunachal Pradesh,AR_Upper Subansiri,Upper Subansiri,441,0,439,2,786866,631,7867,7865,0,0,0,0,0,,
38,AR,Arunachal Pradesh,AR_West Kameng,West Kameng,921,9,908,4,878766,601,7868,8766,0,0,0,0,0,,
39,AR,Arunachal Pradesh,AR_West Siang,West Siang,1029,2,1024,3,868688,703,6786,7856,0,0,0,0,0,,
40,AS,Assam,AS_Baksa,Baksa,687,233,447,7,134234,549,8787,6585,0,0,0,0,0,,
41,AS,Assam,AS_Barpeta,Barpeta,1121,84,1024,13,162987,634,7867,9088,0,0,0,0,0,,
42,AS,Assam,AS_Biswanath,Biswanath,467,80,379,8,165453,653,9787,7878,0,0,0,0,0,,
43,AS,Assam,AS_Bongaigaon,Bongaigaon,1303,462,834,7,165354,620,7678,6567,0,0,0,0,0,,
44,AS,Assam,AS_Cachar,Cachar,6216,4675,1498,43,164546,638,6786,5454,0,0,0,0,0,,
45,AS,Assam,AS_Charaideo,Charaideo,113,-3,105,11,164564,603,9786,7656,0,0,0,0,0,,
46,AS,Assam,AS_Chirang,Chirang,280,53,219,8,245345,593,9787,5675,0,0,0,0,0,,
47,AS,Assam,AS_Darrang,Darrang,1967,219,1730,18,265466,483,7867,5676,0,0,0,0,0,,
48,AS,Assam,AS_Dhemaji,Dhemaji,765,317,440,8,145646,566,9789,5456,0,0,0,0,0,,
49,AS,Assam,AS_Dhubri,Dhubri,1723,496,1215,12,154646,593,6786,7667,0,0,0,0,0,,
50,AS,Assam,AS_Dibrugarh,Dibrugarh,9486,6975,2409,102,156466,592,9878,9877,0,0,0,0,0,,
51,AS,Assam,AS_Dima Hasao,Dima Hasao,237,36,199,2,162987,687,6787,8798,0,0,0,0,0,,
52,AS,Assam,AS_Goalpara,Goalpara,658,38,568,10,325645,693,9787,7897,0,0,0,0,0,,
53,AS,Assam,AS_Golaghat,Golaghat,3803,2101,1656,46,126533,674,7869,8979,0,0,0,0,0,,
54,AS,Assam,AS_Hailakandi,Hailakandi,1632,509,1116,7,145566,677,7866,7655,0,0,0,0,0,,
55,AS,Assam,AS_Hojai,Hojai,1646,472,1160,14,256665,690,5675,6789,0,0,0,0,0,,
56,AS,Assam,AS_Jorhat,Jorhat,8771,6965,1752,54,277566,564,8657,7886,0,0,0,0,0,,
57,AS,Assam,AS_Kamrup,Kamrup,4590,2481,2074,35,156467,555,8667,6768,0,0,0,0,0,,
58,AS,Assam,AS_Kamrup Metropolitan,Kamrup Metropolitan,50189,34667,15370,152,264546,673,7567,6878,0,0,0,0,0,,
59,AS,Assam,AS_Karbi Anglong,Karbi Anglong,632,69,552,11,145646,611,6757,6765,0,0,0,0,0,,
60,AS,Assam,AS_Karimganj,Karimganj,1200,219,955,26,154646,523,8676,5487,0,0,0,0,0,,
61,AS,Assam,AS_Kokrajhar,Kokrajhar,408,43,353,12,145354,593,5678,8678,0,0,0,0,0,,
62,AS,Assam,AS_Lakhimpur,Lakhimpur,3006,1847,1135,24,234535,593,8768,8766,0,0,0,0,0,,
63,AS,Assam,AS_Majuli,Majuli,165,79,80,6,134563,693,8697,9877,0,0,0,0,0,,
64,AS,Assam,AS_Morigaon,Morigaon,638,72,557,9,156465,675,6968,6789,0,0,0,0,0,,
65,AS,Assam,AS_Nagaon,Nagaon,4515,1983,2506,26,134535,523,9678,7768,0,0,0,0,0,,
66,AS,Assam,AS_Nalbari,Nalbari,948,103,828,17,165464,656,9788,9786,0,0,0,0,0,,
67,AS,Assam,AS_Sivasagar,Sivasagar,529,21,473,35,156756,690,9678,6798,0,0,0,0,0,,
68,AS,Assam,AS_Sonitpur,Sonitpur,2548,802,1727,19,157686,657,7868,6779,0,0,0,0,0,,
69,AS,Assam,AS_South Salmara Mankachar,South Salmara Mankachar,51,3,47,1,165868,689,9687,6789,0,0,0,0,0,,
70,AS,Assam,AS_Tinsukia,Tinsukia,3366,1525,1798,43,168668,620,9877,6756,0,0,0,0,0,,
71,AS,Assam,AS_Udalguri,Udalguri,758,84,666,8,168765,573,10956,5457,0,0,0,0,0,,
72,AS,Assam,AS_West Karbi Anglong,West Karbi Anglong,39,1,37,1,162987,720,9768,5765,0,0,0,0,0,,
73,BR,Bihar,BR_Araria,Araria,7163,53,7088,22,675657,,7687,5644,0,0,0,0,0,,
74,BR,Bihar,BR_Arwal,Arwal,2323,60,2252,11,675657,654,8768,4567,0,0,0,0,0,,
75,BR,Bihar,BR_Aurangabad,Aurangabad,5191,45,5131,15,646577,645,8786,4678,0,0,0,0,0,,
76,BR,Bihar,BR_Banka,Banka,3452,101,3332,19,646567,647,4565,6578,0,0,0,0,0,,
77,BR,Bihar,BR_Begusarai,Begusarai,7727,146,7547,34,656757,546,8677,6578,0,0,0,0,0,,
78,BR,Bihar,BR_Bhagalpur,Bhagalpur,9373,127,9170,76,646556,546,5675,5464,0,0,0,0,0,,
79,BR,Bihar,BR_Bhojpur,Bhojpur,4975,40,4893,42,545646,674,9678,4363,0,0,0,0,0,,
80,BR,Bihar,BR_Buxar,Buxar,3974,37,3919,18,645664,657,10896,4356,0,0,0,0,0,,
81,BR,Bihar,BR_Darbhanga,Darbhanga,4043,51,3960,32,654666,648,5677,7655,0,0,0,0,0,,
82,BR,Bihar,BR_East Champaran,East Champaran,8322,67,8205,50,563645,630,6757,4567,0,0,0,0,0,,
83,BR,Bihar,BR_Gaya,Gaya,7781,110,7612,59,564644,784,8799,5754,0,0,0,0,0,,
84,BR,Bihar,BR_Gopalganj,Gopalganj,5722,54,5653,15,645645,639,7897,8766,0,0,0,0,0,,
85,BR,Bihar,BR_Jamui,Jamui,3144,23,3111,10,654646,530,6876,7866,0,0,0,0,0,,
86,BR,Bihar,BR_Jehanabad,Jehanabad,4480,78,4382,20,566456,547,9798,6876,0,0,0,0,0,,
87,BR,Bihar,BR_Kaimur,Kaimur,2063,16,2037,10,456566,649,4365,7932,0,0,0,0,0,,
88,BR,Bihar,BR_Katihar,Katihar,7174,65,7097,12,564646,690,6576,6574,0,0,0,0,0,,
89,BR,Bihar,BR_Khagaria,Khagaria,3070,17,3041,12,654646,603,7868,5675,0,0,0,0,0,,
90,BR,Bihar,BR_Kishanganj,Kishanganj,4286,118,4155,13,456464,739,9879,7878,0,0,0,0,0,,
91,BR,Bihar,BR_Lakhisarai,Lakhisarai,3724,148,3567,9,465646,503,9799,7876,0,0,0,0,0,,
92,BR,Bihar,BR_Madhepura,Madhepura,4821,43,4761,17,567576,658,7865,5765,0,0,0,0,0,,
93,BR,Bihar,BR_Madhubani,Madhubani,7606,35,7538,33,657575,648,9678,5675,0,0,0,0,0,,
94,BR,Bihar,BR_Munger,Munger,4160,59,4051,50,675775,612,6784,4576,0,0,0,0,0,,
95,BR,Bihar,BR_Muzaffarpur,Muzaffarpur,11594,270,11279,45,675757,635,5765,5675,0,0,0,0,0,,
96,BR,Bihar,BR_Nalanda,Nalanda,8117,93,7968,56,576575,612,4656,8798,0,0,0,0,0,,
97,BR,Bihar,BR_Nawada,Nawada,4151,133,3995,23,675777,622,6786,7897,0,0,0,0,0,,
98,BR,Bihar,BR_Patna,Patna,48910,1908,46622,380,464646,709,5675,7989,0,0,0,0,0,,
99,BR,Bihar,BR_Purnia,Purnia,9260,63,9174,23,456466,672,8766,8979,0,0,0,0,0,,
100,BR,Bihar,BR_Rohtas,Rohtas,6691,45,6601,45,465546,639,4577,8797,0,0,0,0,0,,
101,BR,Bihar,BR_Saharsa,Saharsa,6735,89,6634,12,657575,538,4356,8756,0,0,0,0,0,,
102,BR,Bihar,BR_Samastipur,Samastipur,5187,38,5115,34,856755,510,8676,6778,0,0,0,0,0,,
103,BR,Bihar,BR_Saran,Saran,7140,220,6866,54,577575,649,5675,5768,0,0,0,0,0,,
104,BR,Bihar,BR_Sheikhpura,Sheikhpura,2979,6,2960,13,675765,682,7688,5688,0,0,0,0,0,,
105,BR,Bihar,BR_Sheohar,Sheohar,1446,34,1411,1,657756,638,5675,7567,0,0,0,0,0,,
106,BR,Bihar,BR_Sitamarhi,Sitamarhi,4360,75,4270,15,657575,382,8686,8766,0,0,0,0,0,,
107,BR,Bihar,BR_Siwan,Siwan,4680,63,4586,31,567575,739,7866,7689,0,0,0,0,0,,
108,BR,Bihar,BR_Supaul,Supaul,5578,31,5529,18,567665,658,6575,5678,0,0,0,0,0,,
109,BR,Bihar,BR_Vaishali,Vaishali,5408,73,5288,46,675775,540,8768,7567,1,0,0,0,0,,
110,BR,Bihar,BR_West Champaran,West Champaran,5982,75,5885,22,565757,530,6767,7676,0,0,0,0,0,,
111,CH,Chandigarh,CH_Chandigarh,Chandigarh,19748,386,19045,317,152676,559,6755,5678,0,0,0,0,0,,
112,CT,Chhattisgarh,CT_Balod,Balod,9065,564,8414,87,123133,637,5674,7866,0,0,0,0,0,,
113,CT,Chhattisgarh,CT_Baloda Bazar,Baloda Bazar,8891,56,8707,128,123313,646,5677,5678,0,0,0,0,0,,
114,CT,Chhattisgarh,CT_Balrampur,Balrampur,3442,151,3279,12,132244,646,5789,6765,0,0,0,0,0,,
115,CT,Chhattisgarh,CT_Bametara,Bametara,4493,272,4167,54,132434,645,7896,5676,0,0,0,0,0,,
116,CT,Chhattisgarh,CT_Bastar,Bastar,7573,179,7311,83,134535,684,9789,5658,0,0,0,0,0,,
117,CT,Chhattisgarh,CT_Bijapur,Bijapur,3981,19,3934,28,154646,649,6786,4667,0,0,0,0,0,,
118,CT,Chhattisgarh,CT_Bilaspur,Bilaspur,18011,511,17307,193,153255,693,6786,6755,0,0,0,0,0,,
119,CT,Chhattisgarh,CT_Dakshin Bastar Dantewada,Dakshin Bastar Dantewada,5842,20,5806,16,134123,702,5745,6788,0,0,0,0,0,,
120,CT,Chhattisgarh,CT_Dhamtari,Dhamtari,7891,461,7322,108,214321,708,4566,6765,0,0,0,0,0,,
121,CT,Chhattisgarh,CT_Durg,Durg,22711,1521,20622,568,234241,793,9878,6757,0,0,0,0,0,,
122,CT,Chhattisgarh,CT_Gariaband,Gariaband,3942,22,3873,47,135255,639,8978,5675,0,0,0,0,0,,
123,CT,Chhattisgarh,CT_Janjgir Champa,Janjgir Champa,18646,196,18233,217,134244,792,10354,5755,0,0,0,0,0,,
124,CT,Chhattisgarh,CT_Jashpur,Jashpur,3345,165,3156,24,134244,649,9788,5677,0,0,0,0,0,,
125,CT,Chhattisgarh,CT_Kabeerdham,Kabeerdham,5539,38,5432,69,145435,730,7687,6754,0,0,0,0,0,,
126,CT,Chhattisgarh,CT_Kondagaon,Kondagaon,4995,21,4948,26,145353,759,7867,5675,0,0,0,0,0,,
127,CT,Chhattisgarh,CT_Korba,Korba,16013,177,15726,110,143535,694,6789,6755,0,0,0,0,0,,
128,CT,Chhattisgarh,CT_Koriya,Koriya,4725,94,4594,37,143435,730,6575,5745,0,0,0,0,0,,
129,CT,Chhattisgarh,CT_Mahasamund,Mahasamund,7959,254,7588,117,123242,780,6756,7897,0,0,0,0,0,,
130,CT,Chhattisgarh,CT_Mungeli,Mungeli,3830,38,3768,24,153543,639,4563,7897,0,0,0,0,0,,
131,CT,Chhattisgarh,CT_Narayanpur,Narayanpur,1916,41,1873,2,164534,749,7565,8979,0,0,0,0,0,,
132,CT,Chhattisgarh,CT_Raigarh,Raigarh,21282,246,20752,284,156464,720,9789,7897,0,0,0,0,0,,
133,CT,Chhattisgarh,CT_Raipur,Raipur,52670,3905,48043,722,132455,639,7897,7678,0,0,0,0,0,,
134,CT,Chhattisgarh,CT_Rajnandgaon,Rajnandgaon,18377,1184,17026,167,134556,610,6786,9877,0,0,0,0,0,,
135,CT,Chhattisgarh,CT_Sukma,Sukma,3726,51,3665,10,145455,613,6756,6788,0,0,0,0,0,,
136,CT,Chhattisgarh,CT_Surajpur,Surajpur,5728,489,5203,36,135353,642,5678,7879,0,0,0,0,0,,
137,CT,Chhattisgarh,CT_Surguja,Surguja,7439,441,6916,82,153435,739,5657,9787,0,0,0,0,0,,
138,CT,Chhattisgarh,CT_Uttar Bastar Kanker,Uttar Bastar Kanker,6024,87,5881,56,135433,721,8786,5677,0,0,0,0,0,,
139,CT,Chhattisgarh,CT_Gaurela Pendra Marwahi,Gaurela Pendra Marwahi,1063,169,885,9,134534,720,5675,8979,0,0,0,0,0,,
140,DL,Delhi,DL_Central Delhi,Central Delhi,184,184,0,0,390239,585,6899,6789,0,0,0,0,0,District-wise numbers are out-dated as cumulative counts for each district are not reported in bulletin,
141,DL,Delhi,DL_East Delhi,East Delhi,38,38,0,0,345455,602,9877,8977,0,0,0,0,0,District-wise numbers are out-dated as cumulative counts for each district are not reported in bulletin,
142,DL,Delhi,DL_New Delhi,New Delhi,37,37,0,0,301234,1504,8978,6786,0,0,0,0,0,District-wise numbers are out-dated as cumulative counts for each district are not reported in bulletin,
143,DL,Delhi,DL_North Delhi,North Delhi,60,60,0,0,299677,1567,9878,9807,0,0,0,0,0,District-wise numbers are out-dated as cumulative counts for each district are not reported in bulletin,
144,DL,Delhi,DL_North East Delhi,North East Delhi,25,25,0,0,123424,1563,8767,7899,0,0,0,0,0,District-wise numbers are out-dated as cumulative counts for each district are not reported in bulletin,
145,DL,Delhi,DL_North West Delhi,North West Delhi,32,31,0,1,312343,1684,8797,6789,0,0,0,0,0,District-wise numbers are out-dated as cumulative counts for each district are not reported in bulletin,
146,DL,Delhi,DL_Shahdara,Shahdara,48,48,0,0,312341,1638,7867,6786,0,0,0,0,0,District-wise numbers are out-dated as cumulative counts for each district are not reported in bulletin,
147,DL,Delhi,DL_South Delhi,South Delhi,70,70,0,0,321341,1749,7866,9877,0,0,0,0,0,District-wise numbers are out-dated as cumulative counts for each district are not reported in bulletin,
148,DL,Delhi,DL_South East Delhi,South East Delhi,130,130,0,0,345454,1593,4546,6786,0,0,0,0,0,District-wise numbers are out-dated as cumulative counts for each district are not reported in bulletin,
149,DL,Delhi,DL_South West Delhi,South West Delhi,42,42,0,0,345656,1523,5645,8979,0,0,0,0,0,District-wise numbers are out-dated as cumulative counts for each district are not reported in bulletin,
150,DL,Delhi,DL_West Delhi,West Delhi,122,122,0,0,387866,1574,6575,8768,0,0,0,0,0,District-wise numbers are out-dated as cumulative counts for each district are not reported in bulletin,
151,DN,Dadra and Nagar Haveli and Daman and Diu,DN_Dadra and Nagar Haveli,Dadra and Nagar Haveli,1647,7,1634,1,,,5645,6786,5,0,0,0,0,,
152,DN,Dadra and Nagar Haveli and Daman and Diu,DN_Daman,Daman,1405,3,1377,1,,,4646,9877,24,0,0,0,0,,
153,DN,Dadra and Nagar Haveli and Daman and Diu,DN_Diu,Diu,312,3,309,0,,,5646,6789,0,0,0,0,0,,
154,GA,Goa,GA_North Goa,North Goa,2668,1639,964,65,82345,945,5634,7989,0,0,0,0,0,District-wise numbers are out-dated as cumulative counts for each district are not reported in bulletin,
155,GA,Goa,GA_South Goa,South Goa,3511,1978,1407,126,83234,1048,5634,7879,0,0,0,0,0,District-wise numbers are out-dated as cumulative counts for each district are not reported in bulletin,
156,GJ,Gujarat,GJ_Ahmedabad,Ahmedabad,57634,2910,52475,2249,354234,1048,5646,8797,0,0,0,0,0,,
157,GJ,Gujarat,GJ_Amreli,Amreli,3781,86,3663,32,343243,1236,6456,7899,0,0,0,0,0,,
158,GJ,Gujarat,GJ_Anand,Anand,2263,46,2200,17,345234,1104,5646,8766,0,0,0,0,0,,
159,GJ,Gujarat,GJ_Aravalli,Aravalli,1154,66,1062,26,354355,1830,4646,8797,0,0,0,0,0,,
160,GJ,Gujarat,GJ_Banaskantha,Banaskantha,4568,-52,4582,38,234535,1050,8798,6786,0,0,0,0,0,,
161,GJ,Gujarat,GJ_Bharuch,Bharuch,3865,144,3703,18,353522,1005,7667,6868,0,0,0,0,0,,
162,GJ,Gujarat,GJ_Bhavnagar,Bhavnagar,5825,86,5671,68,354234,1295,8876,6786,0,0,0,0,0,,
163,GJ,Gujarat,GJ_Botad,Botad,1028,69,947,12,453535,1038,5676,5675,0,0,0,0,0,,
164,GJ,Gujarat,GJ_Chhota Udaipur,Chhota Udaipur,867,16,848,3,345355,1021,3555,6757,0,0,0,0,0,,
165,GJ,Gujarat,GJ_Dahod,Dahod,3017,150,2860,7,352353,1902,7867,5754,0,0,0,0,0,,
166,GJ,Gujarat,GJ_Dang,Dang,150,9,141,0,342435,1834,8978,8768,0,0,0,0,0,,
167,GJ,Gujarat,GJ_Devbhumi Dwarka,Devbhumi Dwarka,1039,30,1004,5,234523,1028,7686,6786,0,0,0,0,0,,
168,GJ,Gujarat,GJ_Gandhinagar,Gandhinagar,8106,183,7818,105,234532,1234,7667,7856,0,0,0,0,0,,
169,GJ,Gujarat,GJ_Gir Somnath,Gir Somnath,2327,159,2144,24,345653,1003,6755,9788,0,0,0,0,0,,
170,GJ,Gujarat,GJ_Jamnagar,Jamnagar,10148,139,9974,35,453533,1019,5765,7879,0,0,0,0,0,,
171,GJ,Gujarat,GJ_Junagadh,Junagadh,4908,197,4678,33,345323,1198,8766,8797,0,0,0,0,0,,
172,GJ,Gujarat,GJ_Kheda,Kheda,2965,87,2862,16,124334,1039,6757,8977,0,0,0,0,0,,
173,GJ,Gujarat,GJ_Kutch,Kutch,4025,216,3776,33,322434,930,6745,6788,0,0,0,0,0,,
174,GJ,Gujarat,GJ_Mahisagar,Mahisagar,1945,101,1837,7,354355,1034,6776,8666,0,0,0,0,0,,
175,GJ,Gujarat,GJ_Mehsana,Mehsana,6696,194,6464,38,354544,1129,5646,9898,0,0,0,0,0,,
176,GJ,Gujarat,GJ_Morbi,Morbi,3071,236,2817,18,343533,1129,7868,7977,0,0,0,0,0,,
177,GJ,Gujarat,GJ_Narmada,Narmada,1943,48,1894,1,332355,1155,8768,7899,0,0,0,0,0,,
178,GJ,Gujarat,GJ_Navsari,Navsari,1572,24,1540,8,345353,1135,7867,9787,0,0,0,0,0,,
179,GJ,Gujarat,GJ_Panchmahal,Panchmahal,4062,149,3892,21,354353,1168,6768,7897,0,0,0,0,0,,
180,GJ,Gujarat,GJ_Patan,Patan,4164,57,4054,53,354355,1195,6456,7896,0,0,0,0,0,,
181,GJ,Gujarat,GJ_Porbandar,Porbandar,702,9,689,4,345355,1190,4564,6786,0,0,0,0,0,,
182,GJ,Gujarat,GJ_Rajkot,Rajkot,20186,987,19008,191,234245,1166,7866,8977,0,0,0,0,0,,
183,GJ,Gujarat,GJ_Sabarkantha,Sabarkantha,2791,120,2658,13,323355,1038,5675,7897,0,0,0,0,0,,
184,GJ,Gujarat,GJ_Surat,Surat,49422,1137,47319,966,354334,1056,5674,7988,0,0,0,0,0,,
185,GJ,Gujarat,GJ_Surendranagar,Surendranagar,3434,175,3247,12,343555,1129,5655,8979,0,0,0,0,0,,
186,GJ,Gujarat,GJ_Tapi,Tapi,1031,13,1012,6,345335,1052,6757,7897,0,0,0,0,0,,
187,GJ,Gujarat,GJ_Vadodara,Vadodara,24820,1924,22661,235,314897,1029,5767,7978,0,0,0,0,0,,
188,GJ,Gujarat,GJ_Valsad,Valsad,1367,24,1334,9,324234,1178,6565,6878,0,0,0,0,0,,
189,HP,Himachal Pradesh,HP_Bilaspur,Bilaspur,2852,160,2667,24,95000,1187,7867,7867,1,0,0,0,0,,
190,HP,Himachal Pradesh,HP_Chamba,Chamba,2859,138,2669,49,97867,1190,8778,7867,3,0,0,0,0,One death of COVID-19 positive patient has occured due to non-covid reasons,
191,HP,Himachal Pradesh,HP_Hamirpur,Hamirpur,2839,173,2620,45,87868,1143,7868,7868,1,0,0,0,0,,
192,HP,Himachal Pradesh,HP_Kangra,Kangra,7739,537,7014,186,97868,1188,7888,6786,2,0,0,0,0,Death of Tibetan refugee on March 22 included in Kangra district's tally,
193,HP,Himachal Pradesh,HP_Kinnaur,Kinnaur,1316,31,1269,16,87897,1604,9878,7686,0,0,0,0,0,,
194,HP,Himachal Pradesh,HP_Kullu,Kullu,4354,77,4193,82,87978,1703,6775,6557,2,0,0,0,0,,
195,HP,Himachal Pradesh,HP_Lahaul and Spiti,Lahaul and Spiti,1241,40,1189,12,98988,1603,7676,8908,0,0,0,0,0,,
196,HP,Himachal Pradesh,HP_Mandi,Mandi,9639,537,8984,118,89878,1623,7868,8676,0,0,0,0,0,,
197,HP,Himachal Pradesh,HP_Shimla,Shimla,10081,278,9509,255,98878,1639,7656,9787,39,0,0,0,0,One death of COVID-19 positive patient has occured due to non-covid reasons,
198,HP,Himachal Pradesh,HP_Sirmaur,Sirmaur,3180,119,3032,29,98878,1789,6868,6868,0,0,0,0,0,,
199,HP,Himachal Pradesh,HP_Solan,Solan,6433,367,5997,69,86786,1823,6786,9787,0,0,0,0,0,,
200,HP,Himachal Pradesh,HP_Una,Una,2744,158,2549,37,87977,1789,7878,5675,0,0,0,0,0,,
201,HR,Haryana,HR_Ambala,Ambala,11511,184,11184,143,183234,,8787,7655,0,0,0,0,0,,
202,HR,Haryana,HR_Bhiwani,Bhiwani,6240,15,6085,140,345245,1290,7886,7686,0,0,0,0,0,,
203,HR,Haryana,HR_Charkhi Dadri,Charkhi Dadri,1495,55,1415,25,132434,1283,6786,7898,0,0,0,0,0,,
204,HR,Haryana,HR_Faridabad,Faridabad,45498,381,44715,402,132323,1294,7868,9787,0,0,0,0,0,,
205,HR,Haryana,HR_Fatehabad,Fatehabad,4664,38,4510,116,187655,1385,7868,7876,0,0,0,0,0,,
206,HR,Haryana,HR_Gurugram,Gurugram,56805,939,55523,343,186777,1348,5675,6786,0,0,0,0,0,,
207,HR,Haryana,HR_Hisar,Hisar,16947,84,16544,319,156758,1294,7556,7876,0,0,0,0,0,,
208,HR,Haryana,HR_Jhajjar,Jhajjar,5810,58,5660,92,196788,1264,6754,8766,0,0,0,0,0,,
209,HR,Haryana,HR_Jind,Jind,4739,140,4510,89,178979,1253,8768,6878,0,0,0,0,0,,
210,HR,Haryana,HR_Kaithal,Kaithal,3760,41,3669,50,178979,1382,6757,8766,0,0,0,0,0,,
211,HR,Haryana,HR_Karnal,Karnal,10801,220,10435,146,165758,1284,6755,8978,0,0,0,0,0,,
212,HR,Haryana,HR_Kurukshetra,Kurukshetra,8608,153,8329,126,178787,1273,4566,7878,0,0,0,0,0,,
213,HR,Haryana,HR_Mahendragarh,Mahendragarh,6580,33,6528,19,183234,1284,6754,9877,0,0,0,0,0,,
214,HR,Haryana,HR_Nuh,Nuh,1686,16,1640,30,187877,1243,8676,8979,0,0,0,0,0,,
215,HR,Haryana,HR_Palwal,Palwal,4375,19,4330,26,109099,1375,6565,8989,0,0,0,0,0,,
216,HR,Haryana,HR_Panchkula,Panchkula,9985,235,9608,142,189099,1344,5765,8977,0,0,0,0,0,,
217,HR,Haryana,HR_Panipat,Panipat,10506,192,10167,147,199090,1367,8766,6878,0,0,0,0,0,,
218,HR,Haryana,HR_Rewari,Rewari,11305,201,11031,73,183234,1248,6756,8977,0,0,0,0,0,,
219,HR,Haryana,HR_Rohtak,Rohtak,12069,129,11794,146,109089,1290,6755,9789,0,0,0,0,0,,
220,HR,Haryana,HR_Sirsa,Sirsa,7939,75,7751,113,198988,1280,6757,9879,0,0,0,0,0,,
221,HR,Haryana,HR_Sonipat,Sonipat,14525,180,14266,79,187745,1253,6755,9879,0,0,0,0,0,,
222,HR,Haryana,HR_Yamunanagar,Yamunanagar,6477,179,6159,139,180989,1239,8768,9879,0,0,0,0,0,,
223,JH,Jharkhand,JH_Bokaro,Bokaro,6506,74,6372,60,323424,1298,7867,6878,0,0,0,0,0,,
224,JH,Jharkhand,JH_Chatra,Chatra,1408,18,1379,11,323879,1256,7866,6786,0,0,0,0,0,,
225,JH,Jharkhand,JH_Deoghar,Deoghar,3612,25,3564,23,353455,1234,7866,6786,0,0,0,0,0,,
226,JH,Jharkhand,JH_Dhanbad,Dhanbad,7450,78,7268,104,453535,1345,7867,8768,0,0,0,0,0,,
227,JH,Jharkhand,JH_Dumka,Dumka,1374,13,1347,14,434533,1356,6574,6567,0,0,0,0,0,,
228,JH,Jharkhand,JH_East Singhbhum,East Singhbhum,17916,228,17333,355,345335,1378,6757,7577,0,0,0,0,0,,
229,JH,Jharkhand,JH_Garhwa,Garhwa,2788,30,2746,12,354345,1398,6756,5677,0,0,0,0,0,,
230,JH,Jharkhand,JH_Giridih,Giridih,3414,6,3394,14,354533,1256,8765,5675,0,0,0,0,0,,
231,JH,Jharkhand,JH_Godda,Godda,2076,8,2058,10,365465,1245,6757,5678,0,0,0,0,0,,
232,JH,Jharkhand,JH_Gumla,Gumla,2264,33,2227,4,354646,1267,9878,8797,0,0,0,0,0,,
233,JH,Jharkhand,JH_Hazaribagh,Hazaribagh,4380,76,4268,36,345666,1278,7676,8979,0,0,0,0,0,,
234,JH,Jharkhand,JH_Jamtara,Jamtara,1248,10,1234,4,234353,1290,5634,8978,0,0,0,0,0,,
235,JH,Jharkhand,JH_Khunti,Khunti,2111,7,2097,7,232345,830,5767,7897,0,0,0,0,0,,
236,JH,Jharkhand,JH_Koderma,Koderma,3420,24,3368,28,433235,829,5646,8767,0,0,0,0,0,,
237,JH,Jharkhand,JH_Latehar,Latehar,1890,26,1857,7,235345,820,5643,6778,0,0,0,0,0,,
238,JH,Jharkhand,JH_Lohardaga,Lohardaga,1768,29,1729,10,235335,823,6756,7656,0,0,0,0,0,,
239,JH,Jharkhand,JH_Pakur,Pakur,900,0,898,2,434255,814,6756,6875,0,0,0,0,0,,
240,JH,Jharkhand,JH_Palamu,Palamu,3492,41,3431,20,334555,845,7876,5675,0,0,0,0,0,,
241,JH,Jharkhand,JH_Ramgarh,Ramgarh,4456,63,4366,27,434535,813,7867,7655,0,0,0,0,0,,
242,JH,Jharkhand,JH_Ranchi,Ranchi,30557,795,29544,218,333332,890,8979,5678,0,0,0,0,0,,
243,JH,Jharkhand,JH_Sahibganj,Sahibganj,1631,14,1608,9,323453,1024,9789,7656,0,0,0,0,0,,
244,JH,Jharkhand,JH_Saraikela-Kharsawan,Saraikela-Kharsawan,3665,29,3624,12,434556,943,8977,6745,0,0,0,0,0,,
245,JH,Jharkhand,JH_Simdega,Simdega,2017,13,1999,5,343556,893,9878,8756,0,0,0,0,0,,
246,JH,Jharkhand,JH_West Singhbhum,West Singhbhum,4770,19,4713,38,434564,964,7879,6755,0,0,0,0,0,,
247,JK,Jammu and Kashmir,JK_Anantnag,Anantnag,4792,108,4601,83,99000,1020,7688,7655,0,0,0,0,0,,
248,JK,Jammu and Kashmir,JK_Bandipora,Bandipora,4645,51,4534,60,96768,1023,8797,7866,0,0,0,0,0,,
249,JK,Jammu and Kashmir,JK_Baramulla,Baramulla,7966,118,7676,172,86768,1033,7878,5678,0,0,0,0,0,,
250,JK,Jammu and Kashmir,JK_Budgam,Budgam,7604,139,7357,108,96867,1043,8797,6767,0,0,0,0,0,,
251,JK,Jammu and Kashmir,JK_Doda,Doda,3386,49,3273,64,97879,1023,8979,7655,0,0,0,0,0,,
252,JK,Jammu and Kashmir,JK_Ganderbal,Ganderbal,4469,82,4344,43,78686,1079,9879,5657,0,0,0,0,0,,
253,JK,Jammu and Kashmir,JK_Jammu,Jammu,23796,856,22585,355,96878,1087,8799,7866,0,0,0,0,0,,
254,JK,Jammu and Kashmir,JK_Kathua,Kathua,3196,53,3094,49,97676,1023,8979,7654,0,0,0,0,0,,
255,JK,Jammu and Kashmir,JK_Kishtwar,Kishtwar,2718,22,2675,21,96786,1098,9799,5675,0,0,0,0,0,,
256,JK,Jammu and Kashmir,JK_Kulgam,Kulgam,2662,63,2546,53,97878,1056,8977,7688,0,0,0,0,0,,
257,JK,Jammu and Kashmir,JK_Kupwara,Kupwara,5531,122,5318,91,98676,1029,9879,9789,0,0,0,0,0,,
258,JK,Jammu and Kashmir,JK_Mirpur,Mirpur,0,0,0,0,96786,1023,8979,8977,0,0,0,0,0,,
259,JK,Jammu and Kashmir,JK_Muzaffarabad,Muzaffarabad,0,0,0,0,96786,1123,7986,7997,0,0,0,0,0,,
260,JK,Jammu and Kashmir,JK_Pulwama,Pulwama,5554,188,5278,88,96786,1145,6586,6787,0,0,0,0,0,,
261,JK,Jammu and Kashmir,JK_Punch,Punch,2445,25,2397,23,79688,1167,6868,9788,0,0,0,0,0,,
262,JK,Jammu and Kashmir,JK_Rajouri,Rajouri,3840,169,3617,54,56757,1189,8658,8798,0,0,0,0,0,,
263,JK,Jammu and Kashmir,JK_Ramban,Ramban,2104,28,2055,21,89768,1190,8566,7897,0,0,0,0,0,,
264,JK,Jammu and Kashmir,JK_Reasi,Reasi,1624,27,1582,15,96876,1109,8766,7979,0,0,0,0,0,,
265,JK,Jammu and Kashmir,JK_Samba,Samba,2747,175,2534,38,96788,1198,8978,9787,0,0,0,0,0,,
266,JK,Jammu and Kashmir,JK_Shopiyan,Shopiyan,2495,93,2364,38,96678,1197,8976,9655,0,0,0,0,0,,
267,JK,Jammu and Kashmir,JK_Srinagar,Srinagar,25315,569,24296,450,99769,1189,6768,7696,0,0,0,0,0,,
268,JK,Jammu and Kashmir,JK_Udhampur,Udhampur,4082,72,3953,57,99000,503,6756,6976,0,0,0,0,0,,
269,KA,Karnataka,KA_Bagalkote,Bagalkote,13675,29,13510,136,377987,590,8756,7869,0,0,0,0,0,,
270,KA,Karnataka,KA_Ballari,Ballari,38856,185,38074,597,345353,592,7868,6789,0,0,0,0,0,,
271,KA,Karnataka,KA_Belagavi,Belagavi,26259,192,25725,342,343543,512,6786,7869,0,0,0,0,0,,
272,KA,Karnataka,KA_Bengaluru Rural,Bengaluru Rural,18260,257,17851,152,634355,546,7867,8768,0,0,0,0,0,,
273,KA,Karnataka,KA_Bengaluru Urban,Bengaluru Urban,388386,7233,376835,4317,356543,602,7868,7866,1,0,0,0,0,,
274,KA,Karnataka,KA_Bidar,Bidar,7256,41,7040,171,634356,690,7868,6968,4,0,0,0,0,,
275,KA,Karnataka,KA_Chamarajanagara,Chamarajanagara,6776,80,6566,119,243345,675,6787,7866,11,0,0,0,0,,
276,KA,Karnataka,KA_Chikkaballapura,Chikkaballapura,12971,222,12632,116,453356,623,5675,6869,1,0,0,0,0,,
277,KA,Karnataka,KA_Chikkamagaluru,Chikkamagaluru,13684,119,13426,139,353554,645,8768,7866,0,0,0,0,0,,
278,KA,Karnataka,KA_Chitradurga,Chitradurga,14270,160,14042,68,345336,560,8767,8798,0,0,0,0,0,,
279,KA,Karnataka,KA_Dakshina Kannada,Dakshina Kannada,32884,299,31849,734,435455,534,7867,6786,2,0,0,0,0,,
280,KA,Karnataka,KA_Davanagere,Davanagere,22027,112,21651,264,443453,549,8766,9798,0,0,0,0,0,,
281,KA,Karnataka,KA_Dharwad,Dharwad,21866,108,21150,608,343566,511,6878,6786,0,0,0,0,0,,
282,KA,Karnataka,KA_Gadag,Gadag,10907,19,10747,141,543535,674,7866,6868,0,0,0,0,0,,
283,KA,Karnataka,KA_Hassan,Hassan,28006,230,27383,393,435356,613,7876,6789,0,0,0,0,0,,
284,KA,Karnataka,KA_Haveri,Haveri,10960,16,10754,190,345355,620,6868,8676,0,0,0,0,0,,
285,KA,Karnataka,KA_Kalaburagi,Kalaburagi,21083,196,20564,323,453563,640,7866,7866,0,0,0,0,0,,
286,KA,Karnataka,KA_Kodagu,Kodagu,5742,99,5572,71,344535,543,6786,6564,0,0,0,0,0,,
287,KA,Karnataka,KA_Kolar,Kolar,9710,125,9409,176,543553,589,9877,6464,0,0,0,0,0,,
288,KA,Karnataka,KA_Koppal,Koppal,13879,67,13533,279,435353,576,8767,4688,0,0,0,0,0,,
289,KA,Karnataka,KA_Mandya,Mandya,19432,147,19138,147,234555,546,9897,6766,0,0,0,0,0,,
290,KA,Karnataka,KA_Mysuru,Mysuru,52394,442,50937,1015,323424,512,7878,8777,0,0,0,0,0,,
291,KA,Karnataka,KA_Other State,Other State,36,0,33,3,342244,534,8979,9879,0,0,0,0,0,,
292,KA,Karnataka,KA_Raichur,Raichur,14157,61,13938,158,424244,548,8979,8979,0,0,0,0,0,,
293,KA,Karnataka,KA_Ramanagara,Ramanagara,7381,35,7270,76,234242,590,8976,6788,0,0,0,0,0,,
294,KA,Karnataka,KA_Shivamogga,Shivamogga,22044,207,21489,348,423424,518,6799,9787,0,0,0,0,0,,
295,KA,Karnataka,KA_Tumakuru,Tumakuru,24535,343,23815,377,342342,678,7868,8766,0,0,0,0,0,,
296,KA,Karnataka,KA_Udupi,Udupi,23059,75,22796,188,343434,690,7886,6788,0,0,0,0,0,,
297,KA,Karnataka,KA_Uttara Kannada,Uttara Kannada,14228,74,13978,176,342344,623,6888,8666,0,0,0,0,0,,
298,KA,Karnataka,KA_Vijayapura,Vijayapura,14189,72,13912,205,345365,648,6768,8089,0,0,0,0,0,,
299,KA,Karnataka,KA_Yadgir,Yadgir,10584,26,10497,61,475575,612,6578,8788,0,0,0,0,0,,
300,KL,Kerala,KL_Alappuzha,Alappuzha,57329,3849,53219,240,456778,1308,6755,7967,21,0,0,0,0,,
301,KL,Kerala,KL_Ernakulam,Ernakulam,83508,8591,74596,309,456466,1398,8978,6789,12,0,0,0,0,,
302,KL,Kerala,KL_Idukki,Idukki,16532,2991,13519,19,546466,1309,7897,9787,3,0,0,0,0,,
303,KL,Kerala,KL_Kannur,Kannur,39795,3587,35999,201,435355,1378,9877,9787,8,0,0,0,0,,
304,KL,Kerala,KL_Kasaragod,Kasaragod,24160,1629,22442,85,345363,1359,5786,7899,4,0,0,0,0,,
305,KL,Kerala,KL_Kollam,Kollam,59407,4757,54418,217,643535,1294,6754,6879,15,0,0,0,0,,
306,KL,Kerala,KL_Kottayam,Kottayam,51248,7043,44053,149,345363,1275,7865,9686,3,0,0,0,0,,
307,KL,Kerala,KL_Kozhikode,Kozhikode,86279,5274,80698,293,544564,1385,5765,6866,14,0,0,0,0,,
308,KL,Kerala,KL_Malappuram,Malappuram,90820,4818,85650,342,446464,1285,8766,6788,10,0,0,0,0,,
309,KL,Kerala,KL_Palakkad,Palakkad,48002,4876,42987,132,345366,1583,7865,8656,7,0,0,0,0,,
310,KL,Kerala,KL_Pathanamthitta,Pathanamthitta,30499,5994,24447,56,345353,1284,5786,6788,2,0,0,0,0,,
311,KL,Kerala,KL_Thiruvananthapuram,Thiruvananthapuram,81898,3284,77890,653,435353,1284,7866,6866,71,0,0,0,0,,
312,KL,Kerala,KL_Thrissur,Thrissur,74534,5901,68298,327,453535,1582,8789,6789,8,0,0,0,0,,
313,KL,Kerala,KL_Wayanad,Wayanad,16923,2608,14264,50,456778,1294,9778,8688,1,0,0,0,0,,
314,LA,Ladakh,LA_Kargil,Kargil,2097,11,2043,43,24566,585,6755,6877,0,0,0,0,0,,
315,LA,Ladakh,LA_Leh,Leh,7369,185,7100,84,18787,693,6557,6786,0,0,0,0,0,,
316,LD,Lakshadweep,LD_Lakshadweep,Lakshadweep,0,0,0,0,10546,392,5455,6789,0,0,0,0,0,,
317,MH,Maharashtra,MH_Ahmednagar,Ahmednagar,69033,1754,66234,1044,1323445,700,7689,7866,1,0,0,0,0,,
318,MH,Maharashtra,MH_Akola,Akola,10577,338,9887,347,1345654,723,7856,6798,5,0,0,0,0,,
319,MH,Maharashtra,MH_Amravati,Amravati,20064,405,19276,381,1345345,739,6787,8768,2,0,0,0,0,,
320,MH,Maharashtra,MH_Aurangabad,Aurangabad,47913,766,45921,1211,1075485,720,7687,6786,15,0,0,0,0,,
321,MH,Maharashtra,MH_Beed,Beed,17071,323,16220,521,1043545,768,6788,6885,7,0,0,0,0,,
322,MH,Maharashtra,MH_Bhandara,Bhandara,12700,469,11954,275,1495854,792,6786,5768,2,0,0,0,0,,
323,MH,Maharashtra,MH_Buldhana,Buldhana,13628,520,12884,218,1983744,713,5675,6756,6,0,0,0,0,,
324,MH,Maharashtra,MH_Chandrapur,Chandrapur,23245,613,22242,389,1335344,752,5757,6758,1,0,0,0,0,,
325,MH,Maharashtra,MH_Dhule,Dhule,15645,228,15070,344,1345434,1038,7657,7689,3,0,0,0,0,,
326,MH,Maharashtra,MH_Gadchiroli,Gadchiroli,8507,185,8229,87,1543453,603,5678,6789,6,0,0,0,0,,
327,MH,Maharashtra,MH_Gondia,Gondia,13819,364,13293,156,1767634,793,7667,5756,6,0,0,0,0,,
328,MH,Maharashtra,MH_Hingoli,Hingoli,4184,104,3984,96,1347364,960,8776,7678,0,0,0,0,0,,
329,MH,Maharashtra,MH_Jalgaon,Jalgaon,56124,486,54171,1447,1234544,1038,5674,8676,20,0,0,0,0,,
330,MH,Maharashtra,MH_Jalna,Jalna,12807,237,12228,341,1425434,946,7566,7689,1,0,0,0,0,,
331,MH,Maharashtra,MH_Kolhapur,Kolhapur,49136,507,46966,1660,1334533,890,6577,6575,3,0,0,0,0,,
332,MH,Maharashtra,MH_Latur,Latur,23308,380,22243,681,1354345,958,5675,8797,4,0,0,0,0,,
333,MH,Maharashtra,MH_Mumbai,Mumbai,293436,9325,272134,11116,1233533,901,5756,9799,861,0,0,0,0,"[Sep 9]After reconciling COVID-19 cases in Mumbai, owing to the removal of duplicates and change of addresses as per the original residence, 239 cases have been removed from the progressive figures.",
334,MH,Maharashtra,MH_Mumbai Suburban,Mumbai Suburban,0,0,0,0,1335343,1086,8765,8789,0,0,0,0,0,,
335,MH,Maharashtra,MH_Nagpur,Nagpur,125232,4216,117794,3204,1345534,984,7656,8977,18,0,0,0,0,District administration provides number of persons tested instead of the number of samples tested.,
336,MH,Maharashtra,MH_Nanded,Nanded,21339,411,20260,663,1456454,913,6757,6789,5,0,0,0,0,Number of active cases differs in the state bulletin and district bulletin. We follow the state bulletin.,
337,MH,Maharashtra,MH_Nandurbar,Nandurbar,8193,473,7550,169,1456455,981,6757,6789,1,0,0,0,0,,
338,MH,Maharashtra,MH_Nashik,Nashik,115259,1760,111599,1899,1456657,971,9680,7868,1,0,0,0,0,Number of active cases differs in the state bulletin and district bulletin. We follow the state bulletin.,
339,MH,Maharashtra,MH_Osmanabad,Osmanabad,16854,207,16107,538,1333354,987,4560,6576,2,0,0,0,0,,
340,MH,Maharashtra,MH_Palghar,Palghar,46722,294,45500,911,1354545,894,5643,5675,17,0,0,0,0,,
341,MH,Maharashtra,MH_Parbhani,Parbhani,7598,151,7154,282,1245645,870,7665,5645,11,0,0,0,0,,
342,MH,Maharashtra,MH_Pune,Pune,372655,13572,351280,7767,1234455,861,5664,5644,36,0,0,0,0,Number of active cases differs in the state bulletin and district bulletin. We follow the state bulletin.,
343,MH,Maharashtra,MH_Raigad,Raigad,66308,507,64307,1487,1456434,845,4657,8967,7,0,0,0,0,Number of active cases differs in the state bulletin and district bulletin. We follow the state bulletin.,
344,MH,Maharashtra,MH_Ratnagiri,Ratnagiri,11175,370,10426,377,1345344,890,5645,7886,2,0,0,0,0,,
345,MH,Maharashtra,MH_Sangli,Sangli,50144,287,48085,1769,1345454,930,3409,8799,3,0,0,0,0,,
346,MH,Maharashtra,MH_Satara,Satara,54568,790,52005,1763,1435433,930,5646,7879,10,0,0,0,0,,
347,MH,Maharashtra,MH_Sindhudurg,Sindhudurg,6026,326,5539,160,1234345,1078,6346,8786,1,0,0,0,0,,
348,MH,Maharashtra,MH_Solapur,Solapur,53406,774,50853,1763,1345345,855,6343,9678,16,0,0,0,0,,
349,MH,Maharashtra,MH_Thane,Thane,254457,10228,238593,5577,1345453,793,6345,8679,59,0,0,0,0,,
350,MH,Maharashtra,MH_Wardha,Wardha,9506,243,8994,265,1435644,1704,7868,8799,4,0,0,0,0,,
351,MH,Maharashtra,MH_Washim,Washim,6812,141,6520,149,1354534,743,7868,8796,2,0,0,0,0,,
352,MH,Maharashtra,MH_Yavatmal,Yavatmal,13806,363,13044,395,1234535,836,8768,6789,4,0,0,0,0,,
353,ML,Meghalaya,ML_East Garo Hills,East Garo Hills,339,1,337,1,44007,930,9787,8689,0,0,0,0,0,,
354,ML,Meghalaya,ML_East Jaintia Hills,East Jaintia Hills,526,0,526,0,45655,948,7878,9888,0,0,0,0,0,,
355,ML,Meghalaya,ML_East Khasi Hills,East Khasi Hills,8264,135,8016,113,54666,1038,7868,7797,0,0,0,0,0,,
356,ML,Meghalaya,ML_North Garo Hills,North Garo Hills,117,1,114,2,54645,913,7866,8970,0,0,0,0,0,,
357,ML,Meghalaya,ML_Ribhoi,Ribhoi,1350,24,1324,2,45645,1021,5675,8979,0,0,0,0,0,,
358,ML,Meghalaya,ML_South Garo Hills,South Garo Hills,197,0,196,1,45646,914,6757,8979,0,0,0,0,0,,
359,ML,Meghalaya,ML_South West Garo Hills,South West Garo Hills,198,3,193,2,45646,989,7567,8977,0,0,0,0,0,,
360,ML,Meghalaya,ML_South West Khasi Hills,South West Khasi Hills,57,0,57,0,45643,978,7654,7867,0,0,0,0,0,,
361,ML,Meghalaya,ML_West Garo Hills,West Garo Hills,1709,14,1679,16,34354,1029,7477,7867,0,0,0,0,0,,
362,ML,Meghalaya,ML_West Jaintia Hills,West Jaintia Hills,478,1,476,1,45454,1076,5657,6757,0,0,0,0,0,,
363,ML,Meghalaya,ML_West Khasi Hills,West Khasi Hills,173,5,167,1,34533,945,7654,7658,0,0,0,0,0,,
364,MN,Manipur,MN_Bishnupur,Bishnupur,1285,1205,58,22,190545,932,5745,5678,0,0,0,0,0,,
365,MN,Manipur,MN_Chandel,Chandel,348,335,4,9,192343,1062,6754,5758,0,0,0,0,0,,
366,MN,Manipur,MN_Churachandpur,Churachandpur,1411,1327,58,26,193543,1102,7868,5675,0,0,0,0,0,,
367,MN,Manipur,MN_Imphal East,Imphal East,5475,5250,150,75,203423,1145,8768,9877,0,0,0,0,0,,
368,MN,Manipur,MN_Imphal West,Imphal West,8540,8393,52,95,129343,1178,8789,7897,0,0,0,0,0,,
369,MN,Manipur,MN_Jiribam,Jiribam,265,263,2,0,189344,1145,9879,7879,0,0,0,0,0,,
370,MN,Manipur,MN_Kakching,Kakching,755,721,27,7,134355,1123,8979,8766,0,0,0,0,0,,
371,MN,Manipur,MN_Kamjong,Kamjong,251,234,17,0,204343,1109,8978,6789,0,0,0,0,0,,
372,MN,Manipur,MN_Kangpokpi,Kangpokpi,611,583,19,9,324204,1178,8678,7976,0,0,0,0,0,,
373,MN,Manipur,MN_Noney,Noney,321,302,18,1,320954,970,9676,6879,0,0,0,0,0,,
374,MN,Manipur,MN_Pherzawl,Pherzawl,37,22,15,0,234029,1098,7678,7866,0,0,0,0,0,,
375,MN,Manipur,MN_Senapati,Senapati,476,454,21,1,293459,1078,7678,8498,0,0,0,0,0,,
376,MN,Manipur,MN_Tamenglong,Tamenglong,1336,1298,32,6,194234,1089,8776,4353,0,0,0,0,0,,
377,MN,Manipur,MN_Tengnoupal,Tengnoupal,276,262,13,1,102424,1287,8689,4535,0,0,0,0,0,,
378,MN,Manipur,MN_Thoubal,Thoubal,2264,2201,23,40,134234,1143,7868,6755,0,0,0,0,0,,
379,MN,Manipur,MN_Ukhrul,Ukhrul,534,514,18,2,194353,1029,8786,6565,0,0,0,0,0,,
380,MP,Madhya Pradesh,MP_Agar Malwa,Agar Malwa,630,22,598,10,353900,600,7567,6756,0,0,0,0,0,,
381,MP,Madhya Pradesh,MP_Alirajpur,Alirajpur,1247,27,1207,13,245674,682,5678,7676,0,0,0,0,0,,
382,MP,Madhya Pradesh,MP_Anuppur,Anuppur,2009,26,1969,14,353554,830,8676,7869,0,0,0,0,0,,
383,MP,Madhya Pradesh,MP_Ashoknagar,Ashoknagar,1087,30,1040,17,246435,743,6788,8797,0,0,0,0,0,,
384,MP,Madhya Pradesh,MP_Balaghat,Balaghat,3017,80,2923,14,234567,820,6779,6786,0,0,0,0,0,,
385,MP,Madhya Pradesh,MP_Barwani,Barwani,2719,114,2581,24,245365,821,7868,9877,0,0,0,0,0,,
386,MP,Madhya Pradesh,MP_Betul,Betul,3204,88,3047,69,253467,720,6789,6876,0,0,0,0,0,,
387,MP,Madhya Pradesh,MP_Bhind,Bhind,1458,22,1426,10,213456,714,6856,6878,0,0,0,0,0,,
388,MP,Madhya Pradesh,MP_Bhopal,Bhopal,39281,1996,36708,577,275654,673,6878,6456,0,0,0,0,0,,
389,MP,Madhya Pradesh,MP_Burhanpur,Burhanpur,846,4,815,27,246564,829,6789,4564,0,0,0,0,0,,
390,MP,Madhya Pradesh,MP_Chhatarpur,Chhatarpur,2019,56,1931,32,213456,793,6878,5456,0,0,0,0,0,,
391,MP,Madhya Pradesh,MP_Chhindwara,Chhindwara,2668,54,2572,42,275555,492,5675,7865,0,0,0,0,0,,
392,MP,Madhya Pradesh,MP_Damoh,Damoh,2639,151,2412,76,242067,749,5478,4564,0,0,0,0,0,,
393,MP,Madhya Pradesh,MP_Datia,Datia,1821,50,1751,20,246789,602,6575,5464,0,0,0,0,0,,
394,MP,Madhya Pradesh,MP_Dewas,Dewas,2756,71,2659,26,278945,679,5689,5646,0,0,0,0,0,,
395,MP,Madhya Pradesh,MP_Dhar,Dhar,3840,91,3693,56,243567,690,7568,6756,0,0,0,0,0,,
396,MP,Madhya Pradesh,MP_Dindori,Dindori,949,10,938,1,243564,612,6589,4566,0,0,0,0,0,,
397,MP,Madhya Pradesh,MP_Guna,Guna,1451,61,1364,26,264532,648,7655,9879,0,0,0,0,0,,
398,MP,Madhya Pradesh,MP_Gwalior,Gwalior,15922,322,15399,201,245785,739,5678,10956,0,0,0,0,0,,
399,MP,Madhya Pradesh,MP_Harda,Harda,2032,40,1958,34,245364,684,6758,6768,0,0,0,0,0,,
400,MP,Madhya Pradesh,MP_Hoshangabad,Hoshangabad,3591,60,3471,60,243544,893,6567,9897,0,0,0,0,0,,
401,MP,Madhya Pradesh,MP_Indore,Indore,54918,2977,51068,873,234567,683,7865,9778,0,0,0,0,0,,
402,MP,Madhya Pradesh,MP_Jabalpur,Jabalpur,15514,473,14799,242,213464,582,8766,7868,0,0,0,0,0,,
403,MP,Madhya Pradesh,MP_Jhabua,Jhabua,2368,110,2231,27,234567,850,7856,9787,0,0,0,0,0,,
404,MP,Madhya Pradesh,MP_Katni,Katni,2134,48,2069,17,243567,759,6578,9657,0,0,0,0,0,,
405,MP,Madhya Pradesh,MP_Khandwa,Khandwa,2239,38,2138,63,343434,840,6585,19089,0,0,0,0,0,,
406,MP,Madhya Pradesh,MP_Khargone,Khargone,5073,177,4803,93,234566,840,9088,3465,0,0,0,0,0,,
407,MP,Madhya Pradesh,MP_Mandla,Mandla,1196,33,1153,10,234567,603,7878,9878,0,0,0,0,0,,
408,MP,Madhya Pradesh,MP_Mandsaur,Mandsaur,2672,155,2484,33,278454,789,6567,9876,0,0,0,0,0,,
409,MP,Madhya Pradesh,MP_Morena,Morena,3198,18,3153,27,245346,673,5454,5667,0,0,0,0,0,,
410,MP,Madhya Pradesh,MP_Narsinghpur,Narsinghpur,3413,64,3321,28,234567,602,7656,8977,0,0,0,0,0,,
411,MP,Madhya Pradesh,MP_Neemuch,Neemuch,2926,114,2775,37,231457,690,5675,7867,0,0,0,0,0,,
412,MP,Madhya Pradesh,MP_Niwari,Niwari,645,30,613,2,213453,629,5676,7868,0,0,0,0,0,,
413,MP,Madhya Pradesh,MP_Other Region,Other Region,0,0,0,0,234243,840,5456,6786,0,0,0,0,0,,
414,MP,Madhya Pradesh,MP_Panna,Panna,1048,63,981,4,263453,930,7667,7687,0,0,0,0,0,,
415,MP,Madhya Pradesh,MP_Raisen,Raisen,2349,65,2239,45,257646,957,9877,8787,0,0,0,0,0,,
416,MP,Madhya Pradesh,MP_Rajgarh,Rajgarh,2273,105,2109,59,257837,730,8798,7867,0,0,0,0,0,,
417,MP,Madhya Pradesh,MP_Ratlam,Ratlam,4417,276,4064,77,289355,734,7897,9787,0,0,0,0,0,,
418,MP,Madhya Pradesh,MP_Rewa,Rewa,3808,95,3680,33,218934,720,8979,7678,0,0,0,0,0,,
419,MP,Madhya Pradesh,MP_Sagar,Sagar,5022,181,4693,148,243567,721,7655,6786,0,0,0,0,0,,
420,MP,Madhya Pradesh,MP_Satna,Satna,3281,97,3143,41,234652,783,6789,9786,0,0,0,0,0,,
421,MP,Madhya Pradesh,MP_Sehore,Sehore,2665,92,2525,48,242067,730,7886,9787,0,0,0,0,0,,
422,MP,Madhya Pradesh,MP_Seoni,Seoni,1486,33,1443,10,253498,857,6768,7867,0,0,0,0,0,,
423,MP,Madhya Pradesh,MP_Shahdol,Shahdol,2919,63,2826,30,345454,850,6878,9789,0,0,0,0,0,,
424,MP,Madhya Pradesh,MP_Shajapur,Shajapur,1699,76,1601,22,242067,830,6765,6786,0,0,0,0,0,,
425,MP,Madhya Pradesh,MP_Sheopur,Sheopur,1405,36,1355,14,243564,830,5487,9878,0,0,0,0,0,,
426,MP,Madhya Pradesh,MP_Shivpuri,Shivpuri,3500,58,3413,29,285496,835,8678,6787,0,0,0,0,0,,
427,MP,Madhya Pradesh,MP_Sidhi,Sidhi,1945,47,1885,13,264554,704,8766,9787,0,0,0,0,0,,
428,MP,Madhya Pradesh,MP_Singrauli,Singrauli,1859,43,1790,26,274857,629,9877,7869,0,0,0,0,0,,
429,MP,Madhya Pradesh,MP_Tikamgarh,Tikamgarh,1261,37,1197,27,254543,720,6789,7866,0,0,0,0,0,,
430,MP,Madhya Pradesh,MP_Ujjain,Ujjain,4646,216,4328,102,254534,765,7768,5675,0,0,0,0,0,,
431,MP,Madhya Pradesh,MP_Umaria,Umaria,1238,45,1177,16,274555,893,9786,8657,0,0,0,0,0,,
432,MP,Madhya Pradesh,MP_Vidisha,Vidisha,3488,114,3313,61,345445,964,6789,8667,0,0,0,0,0,,
433,MZ,Mizoram,MZ_Aizawl,Aizawl,2750,61,2682,7,16006,900,6798,7567,0,0,0,0,0,,
434,MZ,Mizoram,MZ_Champhai,Champhai,94,2,92,0,16789,943,6779,6757,0,0,0,0,0,,
435,MZ,Mizoram,MZ_Hnahthial,Hnahthial,19,3,16,0,16797,1024,6789,8676,0,0,0,0,0,,
436,MZ,Mizoram,MZ_Khawzawl,Khawzawl,22,0,22,0,15789,1037,6756,5678,0,0,0,0,0,,
437,MZ,Mizoram,MZ_Kolasib,Kolasib,286,4,282,0,15478,1049,5457,8768,0,0,0,0,0,,
438,MZ,Mizoram,MZ_Lawngtlai,Lawngtlai,318,8,310,0,16904,969,5765,8697,0,0,0,0,0,,
439,MZ,Mizoram,MZ_Lunglei,Lunglei,392,16,376,0,14567,1058,5644,6968,0,0,0,0,0,,
440,MZ,Mizoram,MZ_Mamit,Mamit,82,0,82,0,16783,1047,4567,9678,0,0,0,0,0,,
441,MZ,Mizoram,MZ_Saiha,Saiha,35,0,35,0,16840,965,4678,9788,0,0,0,0,0,,
442,MZ,Mizoram,MZ_Saitual,Saitual,28,1,27,0,16789,912,6578,6967,0,0,0,0,0,,
443,MZ,Mizoram,MZ_Serchhip,Serchhip,178,3,174,1,16098,945,6578,9678,0,0,0,0,0,,
444,NL,Nagaland,NL_Dimapur,Dimapur,6399,76,6200,51,32009,934,4363,9687,72,0,0,0,0,,
445,NL,Nagaland,NL_Kiphire,Kiphire,41,6,34,1,32456,947,4356,9877,0,0,0,0,0,,
446,NL,Nagaland,NL_Kohima,Kohima,3713,70,3592,21,32455,1048,7655,10956,30,0,0,0,0,,
447,NL,Nagaland,NL_Longleng,Longleng,18,0,9,0,34567,1092,4567,9768,9,0,0,0,0,,
448,NL,Nagaland,NL_Mokokchung,Mokokchung,179,43,128,2,31456,1103,5754,7687,6,0,0,0,0,,
449,NL,Nagaland,NL_Mon,Mon,603,0,592,2,33456,1144,8766,8768,9,0,0,0,0,,
450,NL,Nagaland,NL_Peren,Peren,502,3,498,0,37245,1130,7866,8786,1,0,0,0,0,,
451,NL,Nagaland,NL_Phek,Phek,47,3,44,0,32456,1230,6876,4565,0,0,0,0,0,,
452,NL,Nagaland,NL_Tuensang,Tuensang,244,0,243,1,34535,1103,7932,8677,0,0,0,0,0,,
453,NL,Nagaland,NL_Wokha,Wokha,39,1,35,1,36423,1052,6574,5675,2,0,0,0,0,,
454,NL,Nagaland,NL_Zunheboto,Zunheboto,142,0,139,0,34523,1103,5675,9678,3,0,0,0,0,,
455,OR,Odisha,OR_Angul,Angul,10878,204,10637,37,245645,749,5765,6757,0,0,0,0,0,,
456,OR,Odisha,OR_Balangir,Balangir,8520,141,8340,39,234342,739,5675,8799,0,0,0,0,0,,
457,OR,Odisha,OR_Balasore,Balasore,12058,126,11833,99,234234,730,4576,7897,0,0,0,0,0,,
458,OR,Odisha,OR_Bargarh,Bargarh,10142,107,9995,40,254353,730,5675,6876,0,0,0,0,0,,
459,OR,Odisha,OR_Bhadrak,Bhadrak,7403,22,7352,29,234253,739,8798,9798,0,0,0,0,0,,
460,OR,Odisha,OR_Boudh,Boudh,2772,9,2752,11,345454,804,7897,4365,0,0,0,0,0,,
461,OR,Odisha,OR_Cuttack,Cuttack,28754,207,28405,142,234252,840,7989,6576,0,0,0,0,0,,
462,OR,Odisha,OR_Deogarh,Deogarh,1276,14,1257,5,436354,820,8979,7868,0,0,0,0,0,,
463,OR,Odisha,OR_Dhenkanal,Dhenkanal,5695,6,5660,29,232425,730,8797,9879,0,0,0,0,0,,
464,OR,Odisha,OR_Gajapati,Gajapati,3977,3,3941,33,121433,769,8756,9799,0,0,0,0,0,,
465,OR,Odisha,OR_Ganjam,Ganjam,21808,19,21535,254,232523,793,6778,7865,0,0,0,0,0,,
466,OR,Odisha,OR_Jagatsinghpur,Jagatsinghpur,9078,38,9002,38,234234,840,5768,9678,0,0,0,0,0,,
467,OR,Odisha,OR_Jajpur,Jajpur,11959,114,11819,26,234524,823,5688,6784,0,0,0,0,0,,
468,OR,Odisha,OR_Jharsuguda,Jharsuguda,7488,70,7392,26,324244,845,7567,5765,0,0,0,0,0,,
469,OR,Odisha,OR_Kalahandi,Kalahandi,6305,33,6241,31,342422,854,8766,4656,0,0,0,0,0,,
470,OR,Odisha,OR_Kandhamal,Kandhamal,5924,3,5888,33,234234,743,7689,6786,0,0,0,0,0,,
471,OR,Odisha,OR_Kendrapara,Kendrapara,9045,123,8893,29,342344,720,5678,5675,0,0,0,0,0,,
472,OR,Odisha,OR_Kendujhar,Kendujhar,7881,68,7776,37,423424,820,7567,8766,0,0,0,0,0,,
473,OR,Odisha,OR_Khordha,Khordha,52709,129,52247,333,234234,845,7676,4577,0,0,0,0,0,,
474,OR,Odisha,OR_Koraput,Koraput,7855,39,7800,16,234242,857,5678,4356,0,0,0,0,0,,
475,OR,Odisha,OR_Malkangiri,Malkangiri,5222,12,5183,27,232423,854,4566,8676,0,0,0,0,0,,
476,OR,Odisha,OR_Mayurbhanj,Mayurbhanj,13908,102,13714,92,342234,813,7866,5675,0,0,0,0,0,,
477,OR,Odisha,OR_Nabarangapur,Nabarangapur,5806,15,5776,15,234424,809,5678,7688,0,0,0,0,0,,
478,OR,Odisha,OR_Nayagarh,Nayagarh,6454,21,6387,46,254534,856,6765,5675,0,0,0,0,0,,
479,OR,Odisha,OR_Nuapada,Nuapada,7329,83,7219,27,234543,823,5676,8686,0,0,0,0,0,,
480,OR,Odisha,OR_Puri,Puri,13997,13,13864,120,342555,845,5658,7866,0,0,0,0,0,,
481,OR,Odisha,OR_Rayagada,Rayagada,8367,17,8305,45,236534,834,4667,6575,0,0,0,0,0,,
482,OR,Odisha,OR_Sambalpur,Sambalpur,9349,156,9117,76,324324,812,6755,8768,0,0,0,0,0,,
483,OR,Odisha,OR_Subarnapur,Subarnapur,4698,8,4669,21,234234,945,6788,6767,0,0,0,0,0,,
484,OR,Odisha,OR_Sundargarh,Sundargarh,14652,283,14199,170,342423,703,6765,6755,0,0,0,0,0,,
485,PB,Punjab,PB_Amritsar,Amritsar,14510,396,13561,553,234334,904,6757,5657,0,0,0,0,0,,
486,PB,Punjab,PB_Barnala,Barnala,2277,53,2160,64,342334,964,5675,5674,0,0,0,0,0,,
487,PB,Punjab,PB_Bathinda,Bathinda,9126,192,8728,206,234244,968,5755,5677,0,0,0,0,0,,
488,PB,Punjab,PB_Faridkot,Faridkot,3859,63,3722,74,323442,934,5677,5789,0,0,0,0,0,,
489,PB,Punjab,PB_Fatehgarh Sahib,Fatehgarh Sahib,2505,30,2364,111,342324,912,6754,7896,0,0,0,0,0,,
490,PB,Punjab,PB_Fazilka,Fazilka,3841,50,3723,68,232433,958,5675,9789,0,0,0,0,0,,
491,PB,Punjab,PB_Ferozepur,Ferozepur,4524,36,4346,142,235555,1067,6755,6786,0,0,0,0,0,,
492,PB,Punjab,PB_Gurdaspur,Gurdaspur,7935,142,7543,250,345335,1022,5745,6786,0,0,0,0,0,,
493,PB,Punjab,PB_Hoshiarpur,Hoshiarpur,7730,103,7316,311,232425,968,7897,5745,0,0,0,0,0,,
494,PB,Punjab,PB_Jalandhar,Jalandhar,19927,373,18912,642,232234,705,7897,4566,0,0,0,0,0,,
495,PB,Punjab,PB_Kapurthala,Kapurthala,4731,98,4437,196,342424,1024,8979,9878,0,0,0,0,0,,
496,PB,Punjab,PB_Ludhiana,Ludhiana,24773,336,23473,964,234355,1039,7897,8978,0,0,0,0,0,,
497,PB,Punjab,PB_Mansa,Mansa,2390,42,2297,51,343353,1028,7678,10354,0,0,0,0,0,,
498,PB,Punjab,PB_Moga,Moga,2743,47,2603,93,232344,980,9877,9788,0,0,0,0,0,,
499,PB,Punjab,PB_Pathankot,Pathankot,5724,149,5422,153,344344,912,6788,7687,0,0,0,0,0,,
500,PB,Punjab,PB_Patiala,Patiala,15753,236,15040,477,232342,867,7879,7867,0,0,0,0,0,,
501,PB,Punjab,PB_Rupnagar,Rupnagar,3336,90,3082,164,123313,840,9787,6789,0,0,0,0,0,,
502,PB,Punjab,PB_S.A.S. Nagar,S.A.S. Nagar,18184,1101,16744,339,244323,792,5677,6575,0,0,0,0,0,,
503,PB,Punjab,PB_Sangrur,Sangrur,4365,31,4134,200,211231,930,8979,6756,0,0,0,0,0,,
504,PB,Punjab,PB_Shahid Bhagat Singh Nagar,Shahid Bhagat Singh Nagar,2372,48,2241,83,132432,840,6789,4563,0,0,0,0,0,,
505,PB,Punjab,PB_Sri Muktsar Sahib,Sri Muktsar Sahib,3813,55,3662,96,132143,820,8977,7565,0,0,0,0,0,,
506,PB,Punjab,PB_Tarn Taran,Tarn Taran,2104,14,1986,104,224242,859,6786,9789,0,0,0,0,0,,
507,PY,Puducherry,PY_Karaikal,Karaikal,3787,49,3676,62,51000,503,9807,7897,0,0,0,0,0,"2 case of TN has been transferred,so has been reduced from the total count.",
508,PY,Puducherry,PY_Mahe,Mahe,1774,93,1673,8,52343,540,7899,6786,0,0,0,0,0,"1 case of KL have been transferred,so have been reduced from the total count",
509,PY,Puducherry,PY_Puducherry,Puducherry,30472,233,29721,518,54343,693,6789,6756,0,0,0,0,0,"209 cases(204 of TN, 1 of AP and 4 other) have been transferred,so have been reduced from the total count.[July 18]4 cases have transferred to TN and have been reduced from recovered cases.",
510,PY,Puducherry,PY_Yanam,Yanam,2099,9,2045,45,52344,593,6786,5678,0,0,0,0,0,"2 cases of AP have been transferred,so have been reduced from the total count",
511,RJ,Rajasthan,RJ_Ajmer,Ajmer,16525,371,15935,219,357394,604,9877,5657,0,0,0,0,0,,
512,RJ,Rajasthan,RJ_Alwar,Alwar,21442,386,20978,78,345343,694,6786,8786,0,0,0,0,0,,
513,RJ,Rajasthan,RJ_Banswara,Banswara,2138,186,1918,34,345345,793,8979,5675,0,0,0,0,0,,
514,RJ,Rajasthan,RJ_Baran,Baran,2481,240,2208,33,354535,602,8768,6899,0,0,0,0,0,,
515,RJ,Rajasthan,RJ_Barmer,Barmer,4944,117,4777,50,453354,694,8776,9877,0,0,0,0,0,,
516,RJ,Rajasthan,RJ_Bharatpur,Bharatpur,8979,84,8775,120,324354,703,6786,8978,0,0,0,0,0,,
517,RJ,Rajasthan,RJ_Bhilwara,Bhilwara,9642,392,9211,39,314353,730,9877,9878,0,0,0,0,0,,
518,RJ,Rajasthan,RJ_Bikaner,Bikaner,18995,70,18759,166,354455,759,6789,8767,0,0,0,0,0,,
519,RJ,Rajasthan,RJ_Bundi,Bundi,2876,208,2649,19,465465,769,7989,7867,0,0,0,0,0,,
520,RJ,Rajasthan,RJ_Chittorgarh,Chittorgarh,3725,272,3415,38,356566,687,7879,7866,0,0,0,0,0,,
521,RJ,Rajasthan,RJ_Churu,Churu,4332,116,4176,40,357657,679,9878,4546,0,0,0,0,0,,
522,RJ,Rajasthan,RJ_Dausa,Dausa,2396,109,2263,24,434556,795,8797,5645,0,0,0,0,0,,
523,RJ,Rajasthan,RJ_Dholpur,Dholpur,3732,67,3636,29,534545,795,7899,6575,0,0,0,0,0,,
524,RJ,Rajasthan,RJ_Dungarpur,Dungarpur,4661,382,4245,34,434345,720,8766,7866,0,0,0,0,0,,
525,RJ,Rajasthan,RJ_Ganganagar,Ganganagar,6585,197,6346,42,434535,693,6786,4646,0,0,0,0,0,,
526,RJ,Rajasthan,RJ_Hanumangarh,Hanumangarh,2935,88,2835,12,346566,612,6868,5646,0,0,0,0,0,,
527,RJ,Rajasthan,RJ_Jaipur,Jaipur,57247,2114,54632,501,323545,739,5675,5634,0,0,0,0,0,,
528,RJ,Rajasthan,RJ_Jaisalmer,Jaisalmer,2172,160,1987,25,354536,583,6757,5634,0,0,0,0,0,,
529,RJ,Rajasthan,RJ_Jalore,Jalore,5570,171,5349,50,323424,830,5754,5646,0,0,0,0,0,,
530,RJ,Rajasthan,RJ_Jhalawar,Jhalawar,3381,102,3255,24,334234,438,8768,5646,0,0,0,0,0,,
531,RJ,Rajasthan,RJ_Jhunjhunu,Jhunjhunu,4513,35,4426,52,355455,869,6786,6456,0,0,0,0,0,,
532,RJ,Rajasthan,RJ_Jodhpur,Jodhpur,43835,895,42651,289,232435,640,7856,5646,0,0,0,0,0,,
533,RJ,Rajasthan,RJ_Karauli,Karauli,1507,37,1450,20,342344,697,9788,4646,0,0,0,0,0,,
534,RJ,Rajasthan,RJ_Kota,Kota,18533,619,17748,166,345345,687,7879,8798,0,0,0,0,0,,
535,RJ,Rajasthan,RJ_Nagaur,Nagaur,9573,338,9145,90,345344,634,8797,7667,0,0,0,0,0,,
536,RJ,Rajasthan,RJ_Pali,Pali,10735,399,10227,109,546444,691,6788,5676,0,0,0,0,0,,
537,RJ,Rajasthan,RJ_Pratapgarh,Pratapgarh,1202,94,1089,19,345435,683,8666,3555,0,0,0,0,0,,
538,RJ,Rajasthan,RJ_Rajsamand,Rajsamand,3890,361,3489,40,354444,641,9898,7867,0,0,0,0,0,,
539,RJ,Rajasthan,RJ_Sawai Madhopur,Sawai Madhopur,2087,96,1965,26,234244,698,7977,8978,0,0,0,0,0,,
540,RJ,Rajasthan,RJ_Sikar,Sikar,8936,203,8636,97,323423,673,7899,7686,0,0,0,0,0,,
541,RJ,Rajasthan,RJ_Sirohi,Sirohi,3617,137,3452,28,342334,678,9787,7667,0,0,0,0,0,,
542,RJ,Rajasthan,RJ_Tonk,Tonk,3392,110,3248,34,342344,623,7897,6755,0,0,0,0,0,,
543,RJ,Rajasthan,RJ_Udaipur,Udaipur,11328,404,10814,110,324234,623,7896,5765,0,0,0,0,0,,
544,SK,Sikkim,SK_East Sikkim,East Sikkim,1494,385,1106,3,25678,704,6786,8766,0,0,0,0,0,,
545,SK,Sikkim,SK_North Sikkim,North Sikkim,5,4,1,0,30978,739,8977,6757,0,0,0,0,0,,
546,SK,Sikkim,SK_South Sikkim,South Sikkim,486,413,73,0,26547,759,7897,6745,0,0,0,0,0,,
547,SK,Sikkim,SK_West Sikkim,West Sikkim,91,76,15,0,24567,840,7988,6776,0,0,0,0,0,,
548,TG,Telangana,TG_Adilabad,Adilabad,2717,2702,15,0,274123,987,7978,8768,0,6,6,0,0,District-wise numbers are out-dated as cumulative counts for each district are not reported in Telangana bulletin,
549,TG,Telangana,TG_Bhadradri Kothagudem,Bhadradri Kothagudem,8759,8755,4,0,345345,912,6878,7867,0,12,12,0,0,District-wise numbers are out-dated as cumulative counts for each district are not reported in Telangana bulletin,
550,TG,Telangana,TG_Hyderabad,Hyderabad,78232,77904,305,23,394323,1032,7867,6768,0,108,108,0,0,District-wise numbers are out-dated as cumulative counts for each district are not reported in Telangana bulletin,
551,TG,Telangana,TG_Jagtial,Jagtial,5938,5936,2,0,435554,1074,7867,6456,0,10,10,0,0,District-wise numbers are out-dated as cumulative counts for each district are not reported in Telangana bulletin,
552,TG,Telangana,TG_Jangaon,Jangaon,3504,3503,1,0,454533,984,7868,4564,0,7,7,0,0,District-wise numbers are out-dated as cumulative counts for each district are not reported in Telangana bulletin,
553,TG,Telangana,TG_Jayashankar Bhupalapally,Jayashankar Bhupalapally,2402,2402,0,0,334355,945,6786,7866,0,3,3,0,0,District-wise numbers are out-dated as cumulative counts for each district are not reported in Telangana bulletin,
554,TG,Telangana,TG_Jogulamba Gadwal,Jogulamba Gadwal,3326,3300,25,1,335355,945,7686,5675,0,3,3,0,0,District-wise numbers are out-dated as cumulative counts for each district are not reported in Telangana bulletin,
555,TG,Telangana,TG_Kamareddy,Kamareddy,5526,5518,8,0,245645,967,6557,5674,0,6,6,0,0,District-wise numbers are out-dated as cumulative counts for each district are not reported in Telangana bulletin,
556,TG,Telangana,TG_Karimnagar,Karimnagar,13326,13310,16,0,372810,984,8908,5655,0,31,31,0,0,District-wise numbers are out-dated as cumulative counts for each district are not reported in Telangana bulletin,
557,TG,Telangana,TG_Khammam,Khammam,10381,10378,3,0,273737,927,8676,6757,0,11,11,0,0,District-wise numbers are out-dated as cumulative counts for each district are not reported in Telangana bulletin,
558,TG,Telangana,TG_Komaram Bheem,Komaram Bheem,1528,1526,2,0,456454,936,9787,5767,0,3,3,0,0,District-wise numbers are out-dated as cumulative counts for each district are not reported in Telangana bulletin,
559,TG,Telangana,TG_Mahabubabad,Mahabubabad,5307,5306,1,0,324535,934,6868,6565,0,5,5,0,0,District-wise numbers are out-dated as cumulative counts for each district are not reported in Telangana bulletin,
560,TG,Telangana,TG_Mahabubnagar,Mahabubnagar,4854,4846,8,0,405302,937,9787,7867,0,5,5,0,0,District-wise numbers are out-dated as cumulative counts for each district are not reported in Telangana bulletin,
561,TG,Telangana,TG_Mancherial,Mancherial,5197,5196,0,1,125646,923,5675,8778,0,12,12,0,0,District-wise numbers are out-dated as cumulative counts for each district are not reported in Telangana bulletin,
562,TG,Telangana,TG_Medak,Medak,3554,3550,4,0,303328,920,9876,7868,0,6,6,0,0,District-wise numbers are out-dated as cumulative counts for each district are not reported in Telangana bulletin,
563,TG,Telangana,TG_Medchal Malkajgiri,Medchal Malkajgiri,19065,19055,9,1,233645,843,7655,7888,0,41,41,0,0,District-wise numbers are out-dated as cumulative counts for each district are not reported in Telangana bulletin,
564,TG,Telangana,TG_Mulugu,Mulugu,2880,2878,2,0,534555,930,7686,9878,0,4,4,0,0,District-wise numbers are out-dated as cumulative counts for each district are not reported in Telangana bulletin,
565,TG,Telangana,TG_Nagarkurnool,Nagarkurnool,4317,4315,2,0,324245,940,7898,6775,0,7,7,0,0,District-wise numbers are out-dated as cumulative counts for each district are not reported in Telangana bulletin,
566,TG,Telangana,TG_Nalgonda,Nalgonda,12120,12108,12,0,348880,950,9787,7676,0,14,14,0,0,District-wise numbers are out-dated as cumulative counts for each district are not reported in Telangana bulletin,
567,TG,Telangana,TG_Narayanpet,Narayanpet,1109,1108,0,1,352565,857,7876,7868,0,2,2,0,0,District-wise numbers are out-dated as cumulative counts for each district are not reported in Telangana bulletin,
568,TG,Telangana,TG_Nirmal,Nirmal,2525,2512,13,0,435345,1028,6786,7656,0,3,3,0,0,District-wise numbers are out-dated as cumulative counts for each district are not reported in Telangana bulletin,
569,TG,Telangana,TG_Nizamabad,Nizamabad,7939,7909,30,0,255123,1138,7876,6868,0,13,13,0,0,District-wise numbers are out-dated as cumulative counts for each district are not reported in Telangana bulletin,
570,TG,Telangana,TG_Peddapalli,Peddapalli,5607,5606,1,0,434534,1092,5556,6786,0,11,11,0,0,District-wise numbers are out-dated as cumulative counts for each district are not reported in Telangana bulletin,
571,TG,Telangana,TG_Rajanna Sircilla,Rajanna Sircilla,4947,4945,2,0,345354,1202,8766,7878,0,6,6,0,0,District-wise numbers are out-dated as cumulative counts for each district are not reported in Telangana bulletin,
572,TG,Telangana,TG_Ranga Reddy,Ranga Reddy,23678,23659,17,2,529674,1303,6878,7678,0,44,44,0,0,District-wise numbers are out-dated as cumulative counts for each district are not reported in Telangana bulletin,
573,TG,Telangana,TG_Sangareddy,Sangareddy,7738,7732,6,0,345345,1138,8766,8787,0,15,15,0,0,District-wise numbers are out-dated as cumulative counts for each district are not reported in Telangana bulletin,
574,TG,Telangana,TG_Siddipet,Siddipet,7782,7781,1,0,453543,1037,8978,7886,0,10,10,0,0,District-wise numbers are out-dated as cumulative counts for each district are not reported in Telangana bulletin,
575,TG,Telangana,TG_Suryapet,Suryapet,6906,6882,24,0,345345,920,7878,6786,0,15,15,0,0,District-wise numbers are out-dated as cumulative counts for each district are not reported in Telangana bulletin,
576,TG,Telangana,TG_Vikarabad,Vikarabad,2404,2388,15,1,345355,948,9877,7868,0,4,4,0,0,District-wise numbers are out-dated as cumulative counts for each district are not reported in Telangana bulletin,
577,TG,Telangana,TG_Wanaparthy,Wanaparthy,3490,3490,0,0,34535,934,8979,7868,0,5,5,0,0,District-wise numbers are out-dated as cumulative counts for each district are not reported in Telangana bulletin,
578,TG,Telangana,TG_Warangal Rural,Warangal Rural,3631,3631,0,0,345535,956,8989,5675,0,8,8,0,0,District-wise numbers are out-dated as cumulative counts for each district are not reported in Telangana bulletin,
579,TG,Telangana,TG_Warangal Urban,Warangal Urban,11469,11446,23,0,4533453,937,8977,7556,0,22,22,0,0,District-wise numbers are out-dated as cumulative counts for each district are not reported in Telangana bulletin,
580,TG,Telangana,TG_Yadadri Bhuvanagiri,Yadadri Bhuvanagiri,3878,3878,0,0,43535,937,6878,6745,0,9,9,0,0,District-wise numbers are out-dated as cumulative counts for each district are not reported in Telangana bulletin,
581,TN,Tamil Nadu,TN_Ariyalur,Ariyalur,4634,12,4574,48,387096,1076,9879,6755,0,0,0,0,0,,
582,TN,Tamil Nadu,TN_Chengalpattu,Chengalpattu,50029,588,48698,743,365654,1083,9879,4566,0,0,0,0,0,,
583,TN,Tamil Nadu,TN_Chennai,Chennai,225507,2620,218882,4005,379834,1093,6878,6754,0,0,0,0,0,[July 22]: 444 backdated deceased entries added to Chennai in TN bulletin.,
584,TN,Tamil Nadu,TN_Coimbatore,Coimbatore,52336,814,50869,653,349584,1926,6786,8676,0,0,0,0,0,,
585,TN,Tamil Nadu,TN_Cuddalore,Cuddalore,24681,135,24263,283,352345,1039,6786,6565,0,0,0,0,0,,
586,TN,Tamil Nadu,TN_Dharmapuri,Dharmapuri,6412,83,6276,53,365666,1294,8768,5765,0,0,0,0,0,,
587,TN,Tamil Nadu,TN_Dindigul,Dindigul,10945,157,10591,197,324534,1234,6567,8766,0,0,0,0,0,,
588,TN,Tamil Nadu,TN_Erode,Erode,13679,271,13264,144,345345,1456,7577,6756,0,0,0,0,0,,
589,TN,Tamil Nadu,TN_Kallakurichi,Kallakurichi,10800,18,10674,108,234535,1045,5677,6755,0,0,0,0,0,,
590,TN,Tamil Nadu,TN_Kancheepuram,Kancheepuram,28703,258,28011,434,324535,1056,5675,6757,0,0,0,0,0,,
591,TN,Tamil Nadu,TN_Kanyakumari,Kanyakumari,16339,129,15954,256,345345,1058,5678,6755,0,0,0,0,0,,
592,TN,Tamil Nadu,TN_Karur,Karur,5170,81,5039,50,345345,1167,8797,8768,0,0,0,0,0,,
593,TN,Tamil Nadu,TN_Krishnagiri,Krishnagiri,7878,114,7648,116,246456,1165,8979,7867,0,0,0,0,0,,
594,TN,Tamil Nadu,TN_Madurai,Madurai,20532,161,19918,453,234564,1143,8978,7866,0,0,0,0,0,,
595,TN,Tamil Nadu,TN_Nagapattinam,Nagapattinam,8151,123,7900,128,454345,1047,7897,7866,0,0,0,0,0,,
596,TN,Tamil Nadu,TN_Namakkal,Namakkal,11203,177,10917,109,434535,1038,8767,7867,0,0,0,0,0,,
597,TN,Tamil Nadu,TN_Nilgiris,Nilgiris,7945,114,7785,46,345454,1036,6778,6574,0,0,0,0,0,,
598,TN,Tamil Nadu,TN_Perambalur,Perambalur,2256,2,2233,21,356757,1024,7656,6757,0,0,0,0,0,,
599,TN,Tamil Nadu,TN_Pudukkottai,Pudukkottai,11404,54,11195,155,365757,1039,6875,6756,0,0,0,0,0,,
600,TN,Tamil Nadu,TN_Ramanathapuram,Ramanathapuram,6322,29,6161,132,357675,1029,5675,8765,0,0,0,0,0,,
601,TN,Tamil Nadu,TN_Ranipet,Ranipet,15911,58,15672,181,356743,1039,7655,6757,0,0,0,0,0,,
602,TN,Tamil Nadu,TN_Salem,Salem,31586,344,30783,459,346466,943,5678,9878,0,0,0,0,0,,
603,TN,Tamil Nadu,TN_Sivaganga,Sivaganga,6535,65,6344,126,345456,957,7656,7676,0,0,0,0,0,,
604,TN,Tamil Nadu,TN_Tenkasi,Tenkasi,8263,49,8056,158,456344,957,6745,5634,0,0,0,0,0,,
605,TN,Tamil Nadu,TN_Thanjavur,Thanjavur,17178,238,16703,237,456466,1049,8756,5767,0,0,0,0,0,,
606,TN,Tamil Nadu,TN_Theni,Theni,16895,60,16631,204,345365,1038,6755,5646,0,0,0,0,0,,
607,TN,Tamil Nadu,TN_Thiruvallur,Thiruvallur,42650,387,41584,679,453434,1148,7655,5643,0,0,0,0,0,,
608,TN,Tamil Nadu,TN_Thiruvarur,Thiruvarur,10932,113,10710,109,453454,1186,7866,6756,0,0,0,0,0,,
609,TN,Tamil Nadu,TN_Thoothukkudi,Thoothukkudi,16072,79,15852,141,343454,1158,5678,6756,0,0,0,0,0,,
610,TN,Tamil Nadu,TN_Tiruchirappalli,Tiruchirappalli,14183,204,13803,176,434535,1122,6767,7876,0,0,0,0,0,,
611,TN,Tamil Nadu,TN_Tirunelveli,Tirunelveli,15294,131,14952,211,434353,1095,7655,7867,0,0,0,0,0,,
612,TN,Tamil Nadu,TN_Tirupathur,Tirupathur,7444,51,7268,125,345345,1038,5657,8979,0,0,0,0,0,,
613,TN,Tamil Nadu,TN_Tiruppur,Tiruppur,17055,308,16530,217,345455,1022,7866,9789,0,0,0,0,0,,
614,TN,Tamil Nadu,TN_Tiruvannamalai,Tiruvannamalai,19147,77,18789,281,434555,1037,7654,8977,0,0,0,0,0,,
615,TN,Tamil Nadu,TN_Vellore,Vellore,20220,184,19696,340,345235,930,5675,9878,0,0,0,0,0,,
616,TN,Tamil Nadu,TN_Viluppuram,Viluppuram,14995,104,14781,110,343544,912,7688,7879,0,0,0,0,0,,
617,TN,Tamil Nadu,TN_Virudhunagar,Virudhunagar,16344,104,16011,229,345345,1074,9789,7688,0,0,0,0,0,,
618,TR,Tripura,TR_Dhalai,Dhalai,3471,7,3445,18,76897,593,8977,8797,1,0,0,0,0,,
619,TR,Tripura,TR_Gomati,Gomati,3926,5,3876,44,75465,512,7997,7878,1,0,0,0,0,,
620,TR,Tripura,TR_Khowai,Khowai,1835,7,1797,31,75456,523,6787,8797,0,0,0,0,0,,
621,TR,Tripura,TR_North Tripura,North Tripura,2755,16,2716,16,75466,537,9788,8979,7,0,0,0,0,,
622,TR,Tripura,TR_Sipahijala,Sipahijala,2876,6,2833,37,54564,569,8798,9879,0,0,0,0,0,,
623,TR,Tripura,TR_South Tripura,South Tripura,4052,22,4004,23,46564,483,7897,8799,3,0,0,0,0,,
624,TR,Tripura,TR_Unokoti,Unokoti,2766,7,2736,23,75645,603,7979,8979,0,0,0,0,0,,
625,TR,Tripura,TR_West Tripura,West Tripura,11580,58,11321,190,75464,583,9787,9799,11,0,0,0,0,,
626,UP,Uttar Pradesh,UP_Agra,Agra,10227,176,9881,170,345434,604,9655,8977,0,0,0,0,0,,
627,UP,Uttar Pradesh,UP_Aligarh,Aligarh,11164,142,10967,55,454343,694,7696,9879,0,0,0,0,0,,
628,UP,Uttar Pradesh,UP_Ambedkar Nagar,Ambedkar Nagar,1860,50,1767,43,453453,503,6976,8979,0,0,0,0,0,,
629,UP,Uttar Pradesh,UP_Amethi,Amethi,3592,104,3451,37,376567,600,7869,7986,0,0,0,0,0,,
630,UP,Uttar Pradesh,UP_Amroha,Amroha,4228,69,4109,50,375655,849,6789,6586,0,0,0,0,0,,
631,UP,Uttar Pradesh,UP_Auraiya,Auraiya,3472,77,3349,46,245434,623,7869,6868,0,0,0,0,0,,
632,UP,Uttar Pradesh,UP_Ayodhya,Ayodhya,7884,167,7606,111,235453,840,8768,8658,0,0,0,0,0,,
633,UP,Uttar Pradesh,UP_Azamgarh,Azamgarh,5969,139,5736,94,345453,834,7866,8566,0,0,0,0,0,,
634,UP,Uttar Pradesh,UP_Baghpat,Baghpat,2278,55,2189,34,324565,943,6968,8766,0,0,0,0,0,,
635,UP,Uttar Pradesh,UP_Bahraich,Bahraich,4054,65,3915,74,246544,839,7866,8978,0,0,0,0,0,,
636,UP,Uttar Pradesh,UP_Ballia,Ballia,7765,168,7493,104,323423,950,6869,8976,0,0,0,0,0,,
637,UP,Uttar Pradesh,UP_Balrampur,Balrampur,2090,88,1969,33,356454,912,7866,6768,0,0,0,0,0,,
638,UP,Uttar Pradesh,UP_Banda,Banda,3722,102,3580,40,345465,913,8798,6756,0,0,0,0,0,,
639,UP,Uttar Pradesh,UP_Barabanki,Barabanki,7668,70,7498,100,387677,956,6786,8756,0,0,0,0,0,,
640,UP,Uttar Pradesh,UP_Bareilly,Bareilly,14056,391,13504,161,323546,913,9798,7868,0,0,0,0,0,,
642,UP,Uttar Pradesh,UP_Basti,Basti,5025,58,4870,97,234565,948,6786,6786,0,0,0,0,0,,
643,UP,Uttar Pradesh,UP_Bhadohi,Bhadohi,2206,86,2099,21,423434,902,6868,7867,0,0,0,0,0,,
644,UP,Uttar Pradesh,UP_Bijnor,Bijnor,4265,116,4090,59,342424,904,6789,7868,0,0,0,0,0,,
645,UP,Uttar Pradesh,UP_Budaun,Budaun,3835,46,3744,45,342346,967,8676,7868,0,0,0,0,0,,
646,UP,Uttar Pradesh,UP_Bulandshahr,Bulandshahr,6079,168,5820,91,345465,968,7866,6787,0,0,0,0,0,,
647,UP,Uttar Pradesh,UP_Chandauli,Chandauli,4702,130,4513,59,256456,946,6564,5675,0,0,0,0,0,,
648,UP,Uttar Pradesh,UP_Chitrakoot,Chitrakoot,2144,37,2093,14,245345,930,6464,8768,0,0,0,0,0,,
649,UP,Uttar Pradesh,UP_Deoria,Deoria,6698,98,6508,92,245365,945,4688,8767,0,0,0,0,0,,
650,UP,Uttar Pradesh,UP_Etah,Etah,2505,75,2403,27,332224,913,6766,7867,0,0,0,0,0,,
651,UP,Uttar Pradesh,UP_Etawah,Etawah,5718,136,5478,104,345243,946,8777,8766,0,0,0,0,0,,
652,UP,Uttar Pradesh,UP_Farrukhabad,Farrukhabad,4597,61,4453,83,234234,987,9879,6878,0,0,0,0,0,,
653,UP,Uttar Pradesh,UP_Fatehpur,Fatehpur,3767,137,3564,66,234243,1024,8979,7866,0,0,0,0,0,,
654,UP,Uttar Pradesh,UP_Firozabad,Firozabad,3810,37,3705,68,235445,879,6788,7876,0,0,0,0,0,,
655,UP,Uttar Pradesh,UP_Gautam Buddha Nagar,Gautam Buddha Nagar,24917,423,24404,90,234534,795,9787,6868,0,0,0,0,0,,
656,UP,Uttar Pradesh,UP_Ghaziabad,Ghaziabad,26031,438,25491,102,234353,695,8766,7866,0,0,0,0,0,,
657,UP,Uttar Pradesh,UP_Ghazipur,Ghazipur,5116,84,4949,83,323423,840,6788,6786,0,0,0,0,0,,
658,UP,Uttar Pradesh,UP_Gonda,Gonda,5021,60,4894,67,234546,1021,8666,9877,0,0,0,0,0,,
659,UP,Uttar Pradesh,UP_Gorakhpur,Gorakhpur,20960,253,20367,340,325645,948,8089,8767,0,0,0,0,0,,
660,UP,Uttar Pradesh,UP_Hamirpur,Hamirpur,1566,18,1527,21,234656,860,8788,9897,0,0,0,0,0,,
661,UP,Uttar Pradesh,UP_Hapur,Hapur,4310,110,4132,68,234265,823,7897,7878,0,0,0,0,0,,
662,UP,Uttar Pradesh,UP_Hardoi,Hardoi,5815,116,5593,106,234434,938,7967,8979,0,0,0,0,0,,
663,UP,Uttar Pradesh,UP_Hathras,Hathras,1285,12,1266,7,234434,840,6789,8979,0,0,0,0,0,,
664,UP,Uttar Pradesh,UP_Jalaun,Jalaun,3908,96,3766,46,235434,830,9787,8976,0,0,0,0,0,,
665,UP,Uttar Pradesh,UP_Jaunpur,Jaunpur,6578,175,6306,97,343423,927,9787,6799,0,0,0,0,0,,
666,UP,Uttar Pradesh,UP_Jhansi,Jhansi,10104,166,9760,178,353425,925,7899,7868,0,0,0,0,0,,
667,UP,Uttar Pradesh,UP_Kannauj,Kannauj,3454,32,3375,47,343523,946,6879,7886,0,0,0,0,0,,
668,UP,Uttar Pradesh,UP_Kanpur Dehat,Kanpur Dehat,2095,66,1995,34,243423,947,9686,6888,0,0,0,0,0,,
669,UP,Uttar Pradesh,UP_Kanpur Nagar,Kanpur Nagar,32256,530,30904,822,243423,905,6866,6768,0,0,0,0,0,,
670,UP,Uttar Pradesh,UP_Kasganj,Kasganj,1938,58,1874,6,343423,950,6788,6578,0,0,0,0,0,,
671,UP,Uttar Pradesh,UP_Kaushambi,Kaushambi,2257,20,2211,26,243443,923,8656,5567,0,0,0,0,0,,
672,UP,Uttar Pradesh,UP_Kushinagar,Kushinagar,5628,67,5500,61,263423,967,6788,6755,0,0,0,0,0,,
673,UP,Uttar Pradesh,UP_Lakhimpur Kheri,Lakhimpur Kheri,7497,134,7275,88,243423,968,6866,8978,0,0,0,0,0,,
674,UP,Uttar Pradesh,UP_Lalitpur,Lalitpur,3309,73,3190,46,243673,945,6789,7897,0,0,0,0,0,,
675,UP,Uttar Pradesh,UP_Lucknow,Lucknow,78257,2806,74340,1111,243423,968,8688,9877,0,0,0,0,0,,
676,UP,Uttar Pradesh,UP_Maharajganj,Maharajganj,5766,24,5652,90,456456,923,6877,5786,0,0,0,0,0,,
677,UP,Uttar Pradesh,UP_Mahoba,Mahoba,1454,32,1411,11,334587,958,6786,6754,0,0,0,0,0,,
678,UP,Uttar Pradesh,UP_Mainpuri,Mainpuri,3742,88,3581,73,376867,957,6789,7865,0,0,0,0,0,,
679,UP,Uttar Pradesh,UP_Mathura,Mathura,6669,172,6388,109,278685,940,7866,5765,0,0,0,0,0,,
680,UP,Uttar Pradesh,UP_Mau,Mau,3039,38,2962,39,278675,964,6798,8766,0,0,0,0,0,,
681,UP,Uttar Pradesh,UP_Meerut,Meerut,21696,1075,20194,427,265434,849,8768,7865,0,0,0,0,0,,
682,UP,Uttar Pradesh,UP_Mirzapur,Mirzapur,3389,141,3206,42,356577,840,6786,5786,0,0,0,0,0,,
683,UP,Uttar Pradesh,UP_Moradabad,Moradabad,11624,290,11158,176,345563,942,6885,7866,0,0,0,0,0,,
684,UP,Uttar Pradesh,UP_Muzaffarnagar,Muzaffarnagar,8236,294,7840,102,345345,811,5768,8789,0,0,0,0,0,,
685,UP,Uttar Pradesh,UP_Pilibhit,Pilibhit,4137,62,3998,77,234544,935,6756,9778,0,0,0,0,0,,
686,UP,Uttar Pradesh,UP_Pratapgarh,Pratapgarh,5272,128,5077,67,454334,910,6758,6755,0,0,0,0,0,,
687,UP,Uttar Pradesh,UP_Prayagraj,Prayagraj,28346,586,27374,386,334565,829,7689,6557,0,0,0,0,0,,
688,UP,Uttar Pradesh,UP_Rae Bareli,Rae Bareli,5217,226,4885,106,453455,493,6789,5455,0,0,0,0,0,,
689,UP,Uttar Pradesh,UP_Rampur,Rampur,5386,68,5266,52,454634,869,5756,7689,0,0,0,0,0,,
690,UP,Uttar Pradesh,UP_Saharanpur,Saharanpur,9737,376,9228,133,354634,810,7678,7856,0,0,0,0,0,,
691,UP,Uttar Pradesh,UP_Sambhal,Sambhal,3171,173,2954,44,345434,914,8676,6787,0,0,0,0,0,,
692,UP,Uttar Pradesh,UP_Sant Kabir Nagar,Sant Kabir Nagar,3249,46,3159,44,226985,856,7689,7687,0,0,0,0,0,,
693,UP,Uttar Pradesh,UP_Shahjahanpur,Shahjahanpur,6816,80,6625,111,365982,867,6575,6788,0,0,0,0,0,,
694,UP,Uttar Pradesh,UP_Shamli,Shamli,3540,36,3475,29,235684,849,8797,6786,0,0,0,0,0,,
695,UP,Uttar Pradesh,UP_Shrawasti,Shrawasti,1302,36,1248,18,236548,840,9799,5675,0,0,0,0,0,,
696,UP,Uttar Pradesh,UP_Siddharthnagar,Siddharthnagar,3977,37,3889,51,336985,846,8789,5757,0,0,0,0,0,,
697,UP,Uttar Pradesh,UP_Sitapur,Sitapur,4742,103,4563,76,236589,824,8977,7657,0,0,0,0,0,,
698,UP,Uttar Pradesh,UP_Sonbhadra,Sonbhadra,5004,171,4761,72,359862,957,6789,5678,0,0,0,0,0,,
699,UP,Uttar Pradesh,UP_Sultanpur,Sultanpur,4784,216,4492,76,356982,923,6789,7667,0,0,0,0,0,,
700,UP,Uttar Pradesh,UP_Unnao,Unnao,4478,174,4221,83,236589,967,7868,8776,0,0,0,0,0,,
701,UP,Uttar Pradesh,UP_Varanasi,Varanasi,22511,698,21379,434,323434,940,6576,5674,0,0,0,0,0,,
702,UT,Uttarakhand,UT_Almora,Almora,3062,188,2755,24,145677,704,5647,7566,95,0,0,0,0,,
703,UT,Uttarakhand,UT_Bageshwar,Bageshwar,1500,155,1327,18,154655,947,5675,6577,0,0,0,0,0,,
704,UT,Uttarakhand,UT_Chamoli,Chamoli,3377,120,3177,15,134565,947,5645,5675,65,0,0,0,0,,
705,UT,Uttarakhand,UT_Champawat,Champawat,1718,115,1521,8,145367,758,5644,5756,74,0,0,0,0,,
706,UT,Uttarakhand,UT_Dehradun,Dehradun,27273,1460,24559,845,145647,830,8967,8765,409,0,0,0,0,,
707,UT,Uttarakhand,UT_Haridwar,Haridwar,13381,380,12729,147,142235,857,7886,7656,125,0,0,0,0,,
708,UT,Uttarakhand,UT_Nainital,Nainital,11324,958,10102,206,253544,739,8799,6757,58,0,0,0,0,,
709,UT,Uttarakhand,UT_Pauri Garhwal,Pauri Garhwal,4989,156,4752,57,123424,784,7879,6757,24,0,0,0,0,,
710,UT,Uttarakhand,UT_Pithoragarh,Pithoragarh,3213,439,2736,38,143533,850,8786,9680,0,0,0,0,0,,
711,UT,Uttarakhand,UT_Rudraprayag,Rudraprayag,2200,73,2111,10,164343,850,9678,4560,6,0,0,0,0,,
712,UT,Uttarakhand,UT_Tehri Garhwal,Tehri Garhwal,4124,248,3732,16,145367,867,8679,9665,128,0,0,0,0,,
713,UT,Uttarakhand,UT_Udham Singh Nagar,Udham Singh Nagar,11101,169,10713,109,173244,835,8799,5643,110,0,0,0,0,,
714,UT,Uttarakhand,UT_Uttarkashi,Uttarkashi,3658,258,3292,16,142534,826,8796,7665,92,0,0,0,0,,
715,WB,West Bengal,WB_Alipurduar,Alipurduar,7639,51,7503,85,691234,930,6789,5664,0,0,0,0,0,,
716,WB,West Bengal,WB_Bankura,Bankura,11384,351,10943,90,678493,831,8689,4657,0,0,0,0,0,,
717,WB,West Bengal,WB_Birbhum,Birbhum,9590,247,9259,84,623244,920,9888,5645,0,0,0,0,0,,
718,WB,West Bengal,WB_Cooch Behar,Cooch Behar,11667,241,11354,72,623436,927,7797,3409,0,0,0,0,0,,
719,WB,West Bengal,WB_Dakshin Dinajpur,Dakshin Dinajpur,8082,53,7956,73,643534,1020,8970,5646,0,0,0,0,0,,
720,WB,West Bengal,WB_Darjeeling,Darjeeling,17827,484,17145,198,687893,1098,8979,6346,0,0,0,0,0,,
721,WB,West Bengal,WB_Hooghly,Hooghly,28490,768,27264,458,634355,1067,8979,6343,0,0,0,0,0,,
722,WB,West Bengal,WB_Howrah,Howrah,34625,666,32955,1004,634534,1198,8977,6345,0,0,0,0,0,,
723,WB,West Bengal,WB_Jalpaiguri,Jalpaiguri,14363,381,13827,155,689454,1036,7867,7868,0,0,0,0,0,,
724,WB,West Bengal,WB_Jhargram,Jhargram,2968,36,2910,22,645543,1036,7867,7868,0,0,0,0,0,,
725,WB,West Bengal,WB_Kalimpong,Kalimpong,2165,49,2092,24,639455,1178,6757,8768,0,0,0,0,0,,
726,WB,West Bengal,WB_Kolkata,Kolkata,123325,2767,117608,2950,634569,1132,7658,9787,0,0,0,0,0,,
727,WB,West Bengal,WB_Malda,Malda,12477,273,12093,111,649354,1189,7868,7878,0,0,0,0,0,,
728,WB,West Bengal,WB_Murshidabad,Murshidabad,11932,285,11500,147,654345,1195,5678,7868,0,0,0,0,0,,
729,WB,West Bengal,WB_Nadia,Nadia,21695,704,20705,286,623435,1047,5758,7866,0,0,0,0,0,,
730,WB,West Bengal,WB_North 24 Parganas,North 24 Parganas,116731,2038,112360,2333,694854,1008,5675,5675,0,0,0,0,0,,
731,WB,West Bengal,WB_Paschim Bardhaman,Paschim Bardhaman,15458,553,14751,154,630459,1135,7897,7567,0,0,0,0,0,,
732,WB,West Bengal,WB_Paschim Medinipur,Paschim Medinipur,19830,427,19104,299,634534,1105,7879,7654,0,0,0,0,0,,
733,WB,West Bengal,WB_Purba Bardhaman,Purba Bardhaman,12255,239,11921,95,634545,1104,8766,7477,0,0,0,0,0,,
734,WB,West Bengal,WB_Purba Medinipur,Purba Medinipur,20086,543,19270,273,664534,1096,6789,5657,0,0,0,0,0,,
735,WB,West Bengal,WB_Purulia,Purulia,6947,318,6582,47,634534,1067,7976,7654,0,0,0,0,0,,
765,WB,West Bengal,WB_South 24 Parganas,South 24 Parganas,36009,337,34995,677,634534,1058,6879,5755,0,0,0,0,0,,
766,WB,West Bengal,WB_Uttar Dinajpur,Uttar Dinajpur,6452,174,6206,72,675677,1123,7866,5745,0,0,0,0,0,,
